<?xml version="1.0" encoding="utf-8"?>

<instance xmlns="http://www.exelearning.org/content/v0.3" reference="6" version="0.3" xmlns:xsi="http://www.w3.org/2001/XMLSchema-instance" xsi:schemalocation="http://www.exelearning.org/content/v0.3 content.xsd" class="exe.engine.package.Package">
 <dictionary>
  <string role="key" value="_title"></string>
  <unicode value="Graafikaart"></unicode>
  <string role="key" value="idevices"></string>
  <list></list>
  <string role="key" value="_addPagination"></string>
  <bool value="0"></bool>
  <string role="key" value="_addSearchBox"></string>
  <bool value="0"></bool>
  <string role="key" value="_author"></string>
  <unicode value="Martti Raavel"></unicode>
  <string role="key" value="_backgroundImg"></string>
  <unicode value=""></unicode>
  <string role="key" value="_contextMode"></string>
  <unicode value=""></unicode>
  <string role="key" value="_contextPlace"></string>
  <unicode value=""></unicode>
  <string role="key" value="_description"></string>
  <unicode value="Graafikaart"></unicode>
  <string role="key" value="_docType"></string>
  <unicode value="HTML5"></unicode>
  <string role="key" value="_exportElp"></string>
  <bool value="0"></bool>
  <string role="key" value="_extraHeadContent"></string>
  <unicode value=""></unicode>
  <string role="key" value="_fieldValidationInfo"></string>
  <dictionary>
   <unicode role="key" value="all"></unicode>
   <dictionary>
    <unicode role="key" value="mandatory_fields"></unicode>
    <list>
     <unicode value="pp_title"></unicode>
     <unicode value="pp_lang"></unicode>
     <unicode value="pp_description"></unicode>
     <unicode value="pp_author"></unicode>
     <unicode value="pp_newlicense"></unicode>
    </list>
   </dictionary>
   <unicode role="key" value="procomun"></unicode>
   <dictionary>
    <unicode role="key" value="mandatory_fields"></unicode>
    <list>
     <unicode value="pp_learningResourceType"></unicode>
    </list>
    <unicode role="key" value="values_from_list"></unicode>
    <dictionary>
     <unicode role="key" value="pp_learningResourceType"></unicode>
     <list>
      <unicode value="master class"></unicode>
      <unicode value="closed exercise or problem"></unicode>
      <unicode value="real project"></unicode>
      <unicode value="didactic game"></unicode>
      <unicode value="webquest"></unicode>
      <unicode value="open problem"></unicode>
      <unicode value="simulation"></unicode>
      <unicode value="questionnaire"></unicode>
      <unicode value="conceptual map"></unicode>
     </list>
    </dictionary>
   </dictionary>
  </dictionary>
  <string role="key" value="_intendedEndUserRoleGroup"></string>
  <bool value="0"></bool>
  <string role="key" value="_intendedEndUserRoleTutor"></string>
  <bool value="0"></bool>
  <string role="key" value="_intendedEndUserRoleType"></string>
  <unicode value=""></unicode>
  <string role="key" value="_isChanged"></string>
  <bool value="0"></bool>
  <string role="key" value="_isTemplate"></string>
  <bool value="0"></bool>
  <string role="key" value="_lang"></string>
  <unicode value="et"></unicode>
  <string role="key" value="_learningResourceType"></string>
  <unicode value=""></unicode>
  <string role="key" value="_levelNames"></string>
  <list>
   <unicode value="Teema"></unicode>
   <unicode value="Peatükk"></unicode>
   <unicode value="Osa"></unicode>
  </list>
  <string role="key" value="_name"></string>
  <unicode value="graafikakaart"></unicode>
  <string role="key" value="_nextIdeviceId"></string>
  <int value="8"></int>
  <string role="key" value="_nextNodeId"></string>
  <int value="6"></int>
  <string role="key" value="_nodeIdDict"></string>
  <dictionary>
   <unicode role="key" value="0"></unicode>
   <instance class="exe.engine.node.Node" reference="3">
    <dictionary>
     <string role="key" value="_title"></string>
     <unicode value="Graafikakaart"></unicode>
     <string role="key" value="idevices"></string>
     <list>
      <instance class="exe.engine.jsidevice.JsIdevice" reference="1">
       <dictionary>
        <string role="key" value="_title"></string>
        <unicode value="Graafikakaardid (videokaardid)"></unicode>
        <string role="key" value="_attributes"></string>
        <list>
         <tuple>
          <string value="title"></string>
          <list>
           <string value="Title"></string>
           <int value="0"></int>
           <int value="0"></int>
          </list>
         </tuple>
         <tuple>
          <string value="category"></string>
          <list>
           <string value="Category"></string>
           <int value="0"></int>
           <int value="1"></int>
          </list>
         </tuple>
         <tuple>
          <string value="css-class"></string>
          <list>
           <string value="CSS class"></string>
           <int value="0"></int>
           <int value="2"></int>
          </list>
         </tuple>
         <tuple>
          <string value="icon"></string>
          <list>
           <string value="Icon"></string>
           <int value="0"></int>
           <int value="3"></int>
          </list>
         </tuple>
        </list>
        <string role="key" value="_author"></string>
        <string value=""></string>
        <string role="key" value="_iDeviceDir"></string>
        <string value="text"></string>
        <string role="key" value="_purpose"></string>
        <string value=""></string>
        <string role="key" value="_tip"></string>
        <string value=""></string>
        <string role="key" value="_valid"></string>
        <bool value="1"></bool>
        <string role="key" value="class_"></string>
        <unicode value="text"></unicode>
        <string role="key" value="edit"></string>
        <bool value="0"></bool>
        <string role="key" value="emphasis"></string>
        <int value="1"></int>
        <string role="key" value="exe.engine.jsidevice.JsIdevice.persistenceVersion"></string>
        <int value="1"></int>
        <string role="key" value="fields"></string>
        <list>
         <instance class="exe.engine.field.TextAreaField" reference="2">
          <dictionary>
           <string role="key" value="_id"></string>
           <unicode value="142_2"></unicode>
           <string role="key" value="_idevice"></string>
           <reference key="1"></reference>
           <string role="key" value="_instruc"></string>
           <string value=""></string>
           <string role="key" value="_name"></string>
           <string value=""></string>
           <string role="key" value="anchor_names"></string>
           <list></list>
           <string role="key" value="anchors_linked_from_fields"></string>
           <dictionary></dictionary>
           <string role="key" value="content_w_resourcePaths"></string>
           <unicode content="true" value="&lt;div class=&quot;exe-text&quot;&gt;&lt;p dir=&quot;ltr&quot;&gt;&lt;span&gt;Graafikakaart on riistvaraline seade, mis on mõeldud arvuti poolt genereeritud kujutise töötlemiseks ja selle edastamiseks monitorile.&lt;/span&gt;&lt;/p&gt;
&lt;p dir=&quot;ltr&quot;&gt;&lt;span&gt;Tänapäeval on enamusel arvutitel mingisugune graafikakaart juba emaplaadile integreeritud, kuid nõudlikumate tegevuste jaoks (mängimine, video- ja fototöötlus) paigaldatakse arvutisse laienduskaardina eraldi graafikakaart.&lt;/span&gt;&lt;/p&gt;
&lt;p&gt;&lt;iframe width=&quot;846&quot; height=&quot;700&quot; src=&quot;https://sisuloome.e-koolikott.ee/h5p/3108/embed&quot; frameborder=&quot;0&quot; allowfullscreen=&quot;allowfullscreen&quot;&gt;&lt;/iframe&gt;&lt;/p&gt;
&lt;p&gt;
&lt;script src=&quot;https://sisuloome.e-koolikott.ee/modules/contrib/h5p/vendor/h5p/h5p-core/js/h5p-resizer.js&quot; charset=&quot;UTF-8&quot;&gt;&lt;/script&gt;
&lt;/p&gt;&lt;/div&gt;"></unicode>
           <string role="key" value="exe.engine.field.Field.persistenceVersion"></string>
           <int value="4"></int>
           <string role="key" value="exe.engine.field.FieldWithResources.persistenceVersion"></string>
           <int value="2"></int>
           <string role="key" value="exe.engine.field.TextAreaField.persistenceVersion"></string>
           <int value="3"></int>
           <string role="key" value="htmlTag"></string>
           <string value="div"></string>
           <string role="key" value="images"></string>
           <instance class="exe.engine.galleryidevice.GalleryImages">
            <dictionary>
             <string role="key" value=".listitems"></string>
             <list></list>
             <string role="key" value="idevice"></string>
             <reference key="2"></reference>
            </dictionary>
           </instance>
           <string role="key" value="intlinks_to_anchors"></string>
           <dictionary></dictionary>
           <string role="key" value="nextImageId"></string>
           <int value="0"></int>
           <string role="key" value="parentNode"></string>
           <reference key="3"></reference>
          </dictionary>
         </instance>
        </list>
        <string role="key" value="icon"></string>
        <unicode value=""></unicode>
        <string role="key" value="id"></string>
        <unicode value="0"></unicode>
        <string role="key" value="ideviceCategory"></string>
        <unicode value="Text and Tasks"></unicode>
        <string role="key" value="lastIdevice"></string>
        <bool value="0"></bool>
        <string role="key" value="nextFieldId"></string>
        <int value="3"></int>
        <string role="key" value="originalicon"></string>
        <string value=""></string>
        <string role="key" value="parentNode"></string>
        <reference key="3"></reference>
        <string role="key" value="systemResources"></string>
        <list></list>
        <string role="key" value="undo"></string>
        <bool value="1"></bool>
        <string role="key" value="userResources"></string>
        <list></list>
        <string role="key" value="version"></string>
        <int value="0"></int>
       </dictionary>
      </instance>
      <instance class="exe.engine.jsidevice.JsIdevice" reference="4">
       <dictionary>
        <string role="key" value="_title"></string>
        <unicode value="Õpitüki läbinuna oskad:"></unicode>
        <string role="key" value="_attributes"></string>
        <list>
         <tuple>
          <string value="title"></string>
          <list>
           <string value="Title"></string>
           <int value="0"></int>
           <int value="0"></int>
          </list>
         </tuple>
         <tuple>
          <string value="category"></string>
          <list>
           <string value="Category"></string>
           <int value="0"></int>
           <int value="1"></int>
          </list>
         </tuple>
         <tuple>
          <string value="css-class"></string>
          <list>
           <string value="CSS class"></string>
           <int value="0"></int>
           <int value="2"></int>
          </list>
         </tuple>
         <tuple>
          <string value="icon"></string>
          <list>
           <string value="Icon"></string>
           <int value="0"></int>
           <int value="3"></int>
          </list>
         </tuple>
        </list>
        <string role="key" value="_author"></string>
        <string value=""></string>
        <string role="key" value="_iDeviceDir"></string>
        <string value="text"></string>
        <string role="key" value="_purpose"></string>
        <string value=""></string>
        <string role="key" value="_tip"></string>
        <string value=""></string>
        <string role="key" value="_valid"></string>
        <bool value="1"></bool>
        <string role="key" value="class_"></string>
        <unicode value="text"></unicode>
        <string role="key" value="edit"></string>
        <bool value="0"></bool>
        <string role="key" value="emphasis"></string>
        <int value="1"></int>
        <string role="key" value="exe.engine.jsidevice.JsIdevice.persistenceVersion"></string>
        <int value="1"></int>
        <string role="key" value="fields"></string>
        <list>
         <instance class="exe.engine.field.TextAreaField" reference="5">
          <dictionary>
           <string role="key" value="_id"></string>
           <unicode value="112_2"></unicode>
           <string role="key" value="_idevice"></string>
           <reference key="4"></reference>
           <string role="key" value="_instruc"></string>
           <string value=""></string>
           <string role="key" value="_name"></string>
           <string value=""></string>
           <string role="key" value="anchor_names"></string>
           <list></list>
           <string role="key" value="content_w_resourcePaths"></string>
           <unicode content="true" value="&lt;div class=&quot;exe-text&quot;&gt;&lt;ul&gt;
&lt;li&gt;Kirjeldada graafikakaardi otstarvet&lt;/li&gt;
&lt;li&gt;Tunda arvutikomponentide hulgast graafikakaart&lt;/li&gt;
&lt;/ul&gt;&lt;/div&gt;"></unicode>
           <string role="key" value="exe.engine.field.Field.persistenceVersion"></string>
           <int value="4"></int>
           <string role="key" value="exe.engine.field.FieldWithResources.persistenceVersion"></string>
           <int value="2"></int>
           <string role="key" value="exe.engine.field.TextAreaField.persistenceVersion"></string>
           <int value="3"></int>
           <string role="key" value="htmlTag"></string>
           <string value="div"></string>
           <string role="key" value="images"></string>
           <instance class="exe.engine.galleryidevice.GalleryImages">
            <dictionary>
             <string role="key" value=".listitems"></string>
             <list></list>
             <string role="key" value="idevice"></string>
             <reference key="5"></reference>
            </dictionary>
           </instance>
           <string role="key" value="intlinks_to_anchors"></string>
           <dictionary></dictionary>
           <string role="key" value="nextImageId"></string>
           <int value="0"></int>
           <string role="key" value="parentNode"></string>
           <none></none>
          </dictionary>
         </instance>
        </list>
        <string role="key" value="icon"></string>
        <unicode value=""></unicode>
        <string role="key" value="id"></string>
        <unicode value="5"></unicode>
        <string role="key" value="ideviceCategory"></string>
        <unicode value="Text and Tasks"></unicode>
        <string role="key" value="lastIdevice"></string>
        <bool value="0"></bool>
        <string role="key" value="nextFieldId"></string>
        <int value="3"></int>
        <string role="key" value="originalicon"></string>
        <string value=""></string>
        <string role="key" value="parentNode"></string>
        <reference key="3"></reference>
        <string role="key" value="systemResources"></string>
        <list></list>
        <string role="key" value="undo"></string>
        <bool value="1"></bool>
        <string role="key" value="userResources"></string>
        <list></list>
        <string role="key" value="version"></string>
        <int value="0"></int>
       </dictionary>
      </instance>
     </list>
     <string role="key" value="_id"></string>
     <unicode value="0"></unicode>
     <string role="key" value="_package"></string>
     <reference key="6"></reference>
     <string role="key" value="anchor_fields"></string>
     <list></list>
     <string role="key" value="exe.engine.node.Node.persistenceVersion"></string>
     <int value="2"></int>
     <string role="key" value="exportType"></string>
     <string value="scorm"></string>
     <string role="key" value="last_full_node_path"></string>
     <string value="exe-node:Graafikakaart"></string>
     <string role="key" value="parent"></string>
     <none></none>
     <string role="key" value="top_anchors_linked_from_fields"></string>
     <list></list>
     <string role="key" value="children"></string>
     <list>
      <instance class="exe.engine.node.Node" reference="9">
       <dictionary>
        <string role="key" value="_title"></string>
        <unicode value="Graafikakaardi parameetrid"></unicode>
        <string role="key" value="idevices"></string>
        <list>
         <instance class="exe.engine.jsidevice.JsIdevice" reference="7">
          <dictionary>
           <string role="key" value="_title"></string>
           <unicode value="Graafikakaardi olulisemad parameetrid"></unicode>
           <string role="key" value="_attributes"></string>
           <list>
            <tuple>
             <string value="title"></string>
             <list>
              <string value="Title"></string>
              <int value="0"></int>
              <int value="0"></int>
             </list>
            </tuple>
            <tuple>
             <string value="category"></string>
             <list>
              <string value="Category"></string>
              <int value="0"></int>
              <int value="1"></int>
             </list>
            </tuple>
            <tuple>
             <string value="css-class"></string>
             <list>
              <string value="CSS class"></string>
              <int value="0"></int>
              <int value="2"></int>
             </list>
            </tuple>
            <tuple>
             <string value="icon"></string>
             <list>
              <string value="Icon"></string>
              <int value="0"></int>
              <int value="3"></int>
             </list>
            </tuple>
           </list>
           <string role="key" value="_author"></string>
           <string value=""></string>
           <string role="key" value="_iDeviceDir"></string>
           <string value="text"></string>
           <string role="key" value="_purpose"></string>
           <string value=""></string>
           <string role="key" value="_tip"></string>
           <string value=""></string>
           <string role="key" value="_valid"></string>
           <bool value="1"></bool>
           <string role="key" value="class_"></string>
           <unicode value="text"></unicode>
           <string role="key" value="edit"></string>
           <bool value="0"></bool>
           <string role="key" value="emphasis"></string>
           <int value="1"></int>
           <string role="key" value="exe.engine.jsidevice.JsIdevice.persistenceVersion"></string>
           <int value="1"></int>
           <string role="key" value="fields"></string>
           <list>
            <instance class="exe.engine.field.TextAreaField" reference="8">
             <dictionary>
              <string role="key" value="_id"></string>
              <unicode value="144_2"></unicode>
              <string role="key" value="_idevice"></string>
              <reference key="7"></reference>
              <string role="key" value="_instruc"></string>
              <string value=""></string>
              <string role="key" value="_name"></string>
              <string value=""></string>
              <string role="key" value="anchor_names"></string>
              <list></list>
              <string role="key" value="anchors_linked_from_fields"></string>
              <dictionary></dictionary>
              <string role="key" value="content_w_resourcePaths"></string>
              <unicode content="true" value="&lt;div class=&quot;exe-text&quot;&gt;&lt;p&gt;Graafikakaarte saab kirjeldada järgmiste omafuste abil:&lt;/p&gt;
&lt;ul&gt;
&lt;li&gt;&lt;span&gt;&lt;strong&gt;Graafikaprotsessor&lt;/strong&gt; (GPU, näiteks Nvidia GeForce GTX 1650) - nagu ka arvuti keskprotsessori puhulgi, määrab graafikaprotsessor suures osas ära graafikakaardi jõudluse&lt;/span&gt;&lt;/li&gt;
&lt;li&gt;&lt;span&gt;&lt;strong&gt;Mälu&lt;/strong&gt; (Maht GB-des)&lt;/span&gt;&lt;/li&gt;
&lt;li&gt;&lt;span&gt;&lt;strong&gt;Siin&lt;/strong&gt; (AGP, PCI Express) - ühenduse tüüp, mille abil graafikakaart emaplaadile ühendatakse&lt;/span&gt;&lt;/li&gt;
&lt;li&gt;&lt;span&gt;&lt;strong&gt;Väljundid&lt;/strong&gt; (VGA, DVI, HDMI, DP, USB-C, …) - ühendused, mille kaudu saab graafikakaardi külge ühendada monitori&lt;/span&gt;&lt;/li&gt;
&lt;li&gt;&lt;span&gt;&lt;strong&gt;Väljundite arv&lt;/strong&gt; (Mitu monitori/projektorit saab külge ühendada)&lt;/span&gt;&lt;/li&gt;
&lt;li&gt;&lt;span&gt;&lt;strong&gt;SLI&lt;/strong&gt; (Nvidia) / CrossFire (AMD) - tehnoloogia, mille abil saab kaks või enam graafikakaarti liita üheks üksuseks, et saavutada suurem jõudlus&lt;/span&gt;&lt;/li&gt;
&lt;/ul&gt;
&lt;p&gt;&lt;iframe width=&quot;846&quot; height=&quot;659&quot; src=&quot;https://sisuloome.e-koolikott.ee/h5p/3109/embed&quot; frameborder=&quot;0&quot; allowfullscreen=&quot;allowfullscreen&quot;&gt;&lt;/iframe&gt;&lt;/p&gt;
&lt;p&gt;&lt;span&gt;Erinevate graafikakaartide väljundite ja sisendite kohta saab lugeda näiteks &lt;/span&gt;&lt;a href=&quot;https://www.kitchentablecomputers.com/vidcard3.php&quot; target=&quot;_blank&quot; rel=&quot;noopener&quot;&gt;siit&lt;/a&gt;&lt;span&gt;.&lt;/span&gt;&lt;/p&gt;
&lt;p&gt;
&lt;script src=&quot;https://sisuloome.e-koolikott.ee/modules/contrib/h5p/vendor/h5p/h5p-core/js/h5p-resizer.js&quot; charset=&quot;UTF-8&quot;&gt;&lt;/script&gt;
&lt;/p&gt;&lt;/div&gt;"></unicode>
              <string role="key" value="exe.engine.field.Field.persistenceVersion"></string>
              <int value="4"></int>
              <string role="key" value="exe.engine.field.FieldWithResources.persistenceVersion"></string>
              <int value="2"></int>
              <string role="key" value="exe.engine.field.TextAreaField.persistenceVersion"></string>
              <int value="3"></int>
              <string role="key" value="htmlTag"></string>
              <string value="div"></string>
              <string role="key" value="images"></string>
              <instance class="exe.engine.galleryidevice.GalleryImages">
               <dictionary>
                <string role="key" value=".listitems"></string>
                <list></list>
                <string role="key" value="idevice"></string>
                <reference key="8"></reference>
               </dictionary>
              </instance>
              <string role="key" value="intlinks_to_anchors"></string>
              <dictionary></dictionary>
              <string role="key" value="nextImageId"></string>
              <int value="0"></int>
              <string role="key" value="parentNode"></string>
              <reference key="9"></reference>
             </dictionary>
            </instance>
           </list>
           <string role="key" value="icon"></string>
           <unicode value=""></unicode>
           <string role="key" value="id"></string>
           <unicode value="2"></unicode>
           <string role="key" value="ideviceCategory"></string>
           <unicode value="Text and Tasks"></unicode>
           <string role="key" value="lastIdevice"></string>
           <bool value="0"></bool>
           <string role="key" value="nextFieldId"></string>
           <int value="3"></int>
           <string role="key" value="originalicon"></string>
           <string value=""></string>
           <string role="key" value="parentNode"></string>
           <reference key="9"></reference>
           <string role="key" value="systemResources"></string>
           <list></list>
           <string role="key" value="undo"></string>
           <bool value="1"></bool>
           <string role="key" value="userResources"></string>
           <list></list>
           <string role="key" value="version"></string>
           <int value="0"></int>
          </dictionary>
         </instance>
        </list>
        <string role="key" value="_id"></string>
        <unicode value="2"></unicode>
        <string role="key" value="_package"></string>
        <reference key="6"></reference>
        <string role="key" value="anchor_fields"></string>
        <list></list>
        <string role="key" value="exe.engine.node.Node.persistenceVersion"></string>
        <int value="2"></int>
        <string role="key" value="exportType"></string>
        <string value="scorm"></string>
        <string role="key" value="last_full_node_path"></string>
        <string value="exe-node:Graafikakaart:Graafikakaardi%20parameetrid"></string>
        <string role="key" value="parent"></string>
        <reference key="3"></reference>
        <string role="key" value="top_anchors_linked_from_fields"></string>
        <list></list>
        <string role="key" value="children"></string>
        <list></list>
       </dictionary>
      </instance>
      <instance class="exe.engine.node.Node" reference="12">
       <dictionary>
        <string role="key" value="_title"></string>
        <unicode value="Üleminekud"></unicode>
        <string role="key" value="idevices"></string>
        <list>
         <instance class="exe.engine.jsidevice.JsIdevice" reference="10">
          <dictionary>
           <string role="key" value="_title"></string>
           <unicode value=""></unicode>
           <string role="key" value="_attributes"></string>
           <list>
            <tuple>
             <string value="title"></string>
             <list>
              <string value="Title"></string>
              <int value="0"></int>
              <int value="0"></int>
             </list>
            </tuple>
            <tuple>
             <string value="category"></string>
             <list>
              <string value="Category"></string>
              <int value="0"></int>
              <int value="1"></int>
             </list>
            </tuple>
            <tuple>
             <string value="css-class"></string>
             <list>
              <string value="CSS class"></string>
              <int value="0"></int>
              <int value="2"></int>
             </list>
            </tuple>
            <tuple>
             <string value="icon"></string>
             <list>
              <string value="Icon"></string>
              <int value="0"></int>
              <int value="3"></int>
             </list>
            </tuple>
           </list>
           <string role="key" value="_author"></string>
           <string value=""></string>
           <string role="key" value="_iDeviceDir"></string>
           <string value="text"></string>
           <string role="key" value="_purpose"></string>
           <string value=""></string>
           <string role="key" value="_tip"></string>
           <string value=""></string>
           <string role="key" value="_valid"></string>
           <bool value="1"></bool>
           <string role="key" value="class_"></string>
           <unicode value="text"></unicode>
           <string role="key" value="edit"></string>
           <bool value="0"></bool>
           <string role="key" value="emphasis"></string>
           <int value="0"></int>
           <string role="key" value="exe.engine.jsidevice.JsIdevice.persistenceVersion"></string>
           <int value="1"></int>
           <string role="key" value="fields"></string>
           <list>
            <instance class="exe.engine.field.TextAreaField" reference="11">
             <dictionary>
              <string role="key" value="_id"></string>
              <unicode value="145_2"></unicode>
              <string role="key" value="_idevice"></string>
              <reference key="10"></reference>
              <string role="key" value="_instruc"></string>
              <string value=""></string>
              <string role="key" value="_name"></string>
              <string value=""></string>
              <string role="key" value="anchor_names"></string>
              <list></list>
              <string role="key" value="anchors_linked_from_fields"></string>
              <dictionary></dictionary>
              <string role="key" value="content_w_resourcePaths"></string>
              <unicode content="true" value="&lt;div class=&quot;exe-text&quot;&gt;&lt;h4&gt;&lt;strong&gt;Üleminekud&lt;/strong&gt;&lt;/h4&gt;
&lt;p&gt;&lt;span&gt;Vahel võib juhtuda, et graafikakaardi väljund ja monitori sisend omavahel ei sobi. Sellisel juhul on võimalik tihtipeale kasutada üleminekud, mis teeb need otsad omavahel sobivaks (DVI-&amp;gt;VGA, DP-&amp;gt;HDMI) jne.&lt;/span&gt;&lt;/p&gt;&lt;/div&gt;"></unicode>
              <string role="key" value="exe.engine.field.Field.persistenceVersion"></string>
              <int value="4"></int>
              <string role="key" value="exe.engine.field.FieldWithResources.persistenceVersion"></string>
              <int value="2"></int>
              <string role="key" value="exe.engine.field.TextAreaField.persistenceVersion"></string>
              <int value="3"></int>
              <string role="key" value="htmlTag"></string>
              <string value="div"></string>
              <string role="key" value="images"></string>
              <instance class="exe.engine.galleryidevice.GalleryImages">
               <dictionary>
                <string role="key" value=".listitems"></string>
                <list></list>
                <string role="key" value="idevice"></string>
                <reference key="11"></reference>
               </dictionary>
              </instance>
              <string role="key" value="intlinks_to_anchors"></string>
              <dictionary></dictionary>
              <string role="key" value="nextImageId"></string>
              <int value="0"></int>
              <string role="key" value="parentNode"></string>
              <reference key="12"></reference>
             </dictionary>
            </instance>
           </list>
           <string role="key" value="icon"></string>
           <unicode value=""></unicode>
           <string role="key" value="id"></string>
           <unicode value="3"></unicode>
           <string role="key" value="ideviceCategory"></string>
           <unicode value="Text and Tasks"></unicode>
           <string role="key" value="lastIdevice"></string>
           <bool value="0"></bool>
           <string role="key" value="nextFieldId"></string>
           <int value="3"></int>
           <string role="key" value="originalicon"></string>
           <string value=""></string>
           <string role="key" value="parentNode"></string>
           <reference key="12"></reference>
           <string role="key" value="systemResources"></string>
           <list></list>
           <string role="key" value="undo"></string>
           <bool value="1"></bool>
           <string role="key" value="userResources"></string>
           <list></list>
           <string role="key" value="version"></string>
           <int value="0"></int>
          </dictionary>
         </instance>
        </list>
        <string role="key" value="_id"></string>
        <unicode value="3"></unicode>
        <string role="key" value="_package"></string>
        <reference key="6"></reference>
        <string role="key" value="anchor_fields"></string>
        <list></list>
        <string role="key" value="exe.engine.node.Node.persistenceVersion"></string>
        <int value="2"></int>
        <string role="key" value="exportType"></string>
        <string value="scorm"></string>
        <string role="key" value="last_full_node_path"></string>
        <string value="exe-node:Graafikakaart:%C3%9Cleminekud"></string>
        <string role="key" value="parent"></string>
        <reference key="3"></reference>
        <string role="key" value="top_anchors_linked_from_fields"></string>
        <list></list>
        <string role="key" value="children"></string>
        <list></list>
       </dictionary>
      </instance>
      <instance class="exe.engine.node.Node" reference="15">
       <dictionary>
        <string role="key" value="_title"></string>
        <unicode value="Harjutused"></unicode>
        <string role="key" value="idevices"></string>
        <list>
         <instance class="exe.engine.jsidevice.JsIdevice" reference="13">
          <dictionary>
           <string role="key" value="_title"></string>
           <unicode value="Harjutus 1"></unicode>
           <string role="key" value="_attributes"></string>
           <list>
            <tuple>
             <string value="title"></string>
             <list>
              <string value="Title"></string>
              <int value="0"></int>
              <int value="0"></int>
             </list>
            </tuple>
            <tuple>
             <string value="category"></string>
             <list>
              <string value="Category"></string>
              <int value="0"></int>
              <int value="1"></int>
             </list>
            </tuple>
            <tuple>
             <string value="css-class"></string>
             <list>
              <string value="CSS class"></string>
              <int value="0"></int>
              <int value="2"></int>
             </list>
            </tuple>
            <tuple>
             <string value="icon"></string>
             <list>
              <string value="Icon"></string>
              <int value="0"></int>
              <int value="3"></int>
             </list>
            </tuple>
           </list>
           <string role="key" value="_author"></string>
           <string value=""></string>
           <string role="key" value="_iDeviceDir"></string>
           <string value="text"></string>
           <string role="key" value="_purpose"></string>
           <string value=""></string>
           <string role="key" value="_tip"></string>
           <string value=""></string>
           <string role="key" value="_valid"></string>
           <bool value="1"></bool>
           <string role="key" value="class_"></string>
           <unicode value="text"></unicode>
           <string role="key" value="edit"></string>
           <bool value="0"></bool>
           <string role="key" value="emphasis"></string>
           <int value="1"></int>
           <string role="key" value="exe.engine.jsidevice.JsIdevice.persistenceVersion"></string>
           <int value="1"></int>
           <string role="key" value="fields"></string>
           <list>
            <instance class="exe.engine.field.TextAreaField" reference="14">
             <dictionary>
              <string role="key" value="_id"></string>
              <unicode value="146_2"></unicode>
              <string role="key" value="_idevice"></string>
              <reference key="13"></reference>
              <string role="key" value="_instruc"></string>
              <string value=""></string>
              <string role="key" value="_name"></string>
              <string value=""></string>
              <string role="key" value="anchor_names"></string>
              <list></list>
              <string role="key" value="anchors_linked_from_fields"></string>
              <dictionary></dictionary>
              <string role="key" value="content_w_resourcePaths"></string>
              <unicode content="true" value="&lt;div class=&quot;exe-text&quot;&gt;&lt;p&gt;&lt;iframe width=&quot;846&quot; height=&quot;782&quot; src=&quot;https://sisuloome.e-koolikott.ee/h5p/3112/embed&quot; frameborder=&quot;0&quot; allowfullscreen=&quot;allowfullscreen&quot;&gt;&lt;/iframe&gt;&lt;/p&gt;
&lt;p&gt;
&lt;script src=&quot;https://sisuloome.e-koolikott.ee/modules/contrib/h5p/vendor/h5p/h5p-core/js/h5p-resizer.js&quot; charset=&quot;UTF-8&quot;&gt;&lt;/script&gt;
&lt;/p&gt;
&lt;p&gt;&lt;/p&gt;
&lt;p&gt;
&lt;script src=&quot;https://sisuloome.e-koolikott.ee/modules/contrib/h5p/vendor/h5p/h5p-core/js/h5p-resizer.js&quot; charset=&quot;UTF-8&quot;&gt;&lt;/script&gt;
&lt;/p&gt;&lt;/div&gt;"></unicode>
              <string role="key" value="exe.engine.field.Field.persistenceVersion"></string>
              <int value="4"></int>
              <string role="key" value="exe.engine.field.FieldWithResources.persistenceVersion"></string>
              <int value="2"></int>
              <string role="key" value="exe.engine.field.TextAreaField.persistenceVersion"></string>
              <int value="3"></int>
              <string role="key" value="htmlTag"></string>
              <string value="div"></string>
              <string role="key" value="images"></string>
              <instance class="exe.engine.galleryidevice.GalleryImages">
               <dictionary>
                <string role="key" value=".listitems"></string>
                <list></list>
                <string role="key" value="idevice"></string>
                <reference key="14"></reference>
               </dictionary>
              </instance>
              <string role="key" value="intlinks_to_anchors"></string>
              <dictionary></dictionary>
              <string role="key" value="nextImageId"></string>
              <int value="0"></int>
              <string role="key" value="parentNode"></string>
              <reference key="15"></reference>
             </dictionary>
            </instance>
           </list>
           <string role="key" value="icon"></string>
           <unicode value=""></unicode>
           <string role="key" value="id"></string>
           <unicode value="4"></unicode>
           <string role="key" value="ideviceCategory"></string>
           <unicode value="Text and Tasks"></unicode>
           <string role="key" value="lastIdevice"></string>
           <bool value="0"></bool>
           <string role="key" value="nextFieldId"></string>
           <int value="3"></int>
           <string role="key" value="originalicon"></string>
           <string value=""></string>
           <string role="key" value="parentNode"></string>
           <reference key="15"></reference>
           <string role="key" value="systemResources"></string>
           <list></list>
           <string role="key" value="undo"></string>
           <bool value="1"></bool>
           <string role="key" value="userResources"></string>
           <list></list>
           <string role="key" value="version"></string>
           <int value="0"></int>
          </dictionary>
         </instance>
         <instance class="exe.engine.jsidevice.JsIdevice" reference="16">
          <dictionary>
           <string role="key" value="_title"></string>
           <unicode value="Harjutus 2"></unicode>
           <string role="key" value="_attributes"></string>
           <list>
            <tuple>
             <string value="title"></string>
             <list>
              <string value="Title"></string>
              <int value="0"></int>
              <int value="0"></int>
             </list>
            </tuple>
            <tuple>
             <string value="category"></string>
             <list>
              <string value="Category"></string>
              <int value="0"></int>
              <int value="1"></int>
             </list>
            </tuple>
            <tuple>
             <string value="css-class"></string>
             <list>
              <string value="CSS class"></string>
              <int value="0"></int>
              <int value="2"></int>
             </list>
            </tuple>
            <tuple>
             <string value="icon"></string>
             <list>
              <string value="Icon"></string>
              <int value="0"></int>
              <int value="3"></int>
             </list>
            </tuple>
           </list>
           <string role="key" value="_author"></string>
           <string value=""></string>
           <string role="key" value="_iDeviceDir"></string>
           <string value="text"></string>
           <string role="key" value="_purpose"></string>
           <string value=""></string>
           <string role="key" value="_tip"></string>
           <string value=""></string>
           <string role="key" value="_valid"></string>
           <bool value="1"></bool>
           <string role="key" value="class_"></string>
           <unicode value="text"></unicode>
           <string role="key" value="edit"></string>
           <bool value="0"></bool>
           <string role="key" value="emphasis"></string>
           <int value="1"></int>
           <string role="key" value="exe.engine.jsidevice.JsIdevice.persistenceVersion"></string>
           <int value="1"></int>
           <string role="key" value="fields"></string>
           <list>
            <instance class="exe.engine.field.TextAreaField" reference="17">
             <dictionary>
              <string role="key" value="_id"></string>
              <unicode value="113_2"></unicode>
              <string role="key" value="_idevice"></string>
              <reference key="16"></reference>
              <string role="key" value="_instruc"></string>
              <string value=""></string>
              <string role="key" value="_name"></string>
              <string value=""></string>
              <string role="key" value="anchor_names"></string>
              <list></list>
              <string role="key" value="content_w_resourcePaths"></string>
              <unicode content="true" value="&lt;div class=&quot;exe-text&quot;&gt;&lt;p&gt;&lt;iframe width=&quot;846&quot; height=&quot;440&quot; src=&quot;https://sisuloome.e-koolikott.ee/h5p/3123/embed&quot; frameborder=&quot;0&quot; allowfullscreen=&quot;allowfullscreen&quot;&gt;&lt;/iframe&gt;&lt;/p&gt;&lt;/div&gt;"></unicode>
              <string role="key" value="exe.engine.field.Field.persistenceVersion"></string>
              <int value="4"></int>
              <string role="key" value="exe.engine.field.FieldWithResources.persistenceVersion"></string>
              <int value="2"></int>
              <string role="key" value="exe.engine.field.TextAreaField.persistenceVersion"></string>
              <int value="3"></int>
              <string role="key" value="htmlTag"></string>
              <string value="div"></string>
              <string role="key" value="images"></string>
              <instance class="exe.engine.galleryidevice.GalleryImages">
               <dictionary>
                <string role="key" value=".listitems"></string>
                <list></list>
                <string role="key" value="idevice"></string>
                <reference key="17"></reference>
               </dictionary>
              </instance>
              <string role="key" value="intlinks_to_anchors"></string>
              <dictionary></dictionary>
              <string role="key" value="nextImageId"></string>
              <int value="0"></int>
              <string role="key" value="parentNode"></string>
              <none></none>
             </dictionary>
            </instance>
           </list>
           <string role="key" value="icon"></string>
           <unicode value=""></unicode>
           <string role="key" value="id"></string>
           <unicode value="6"></unicode>
           <string role="key" value="ideviceCategory"></string>
           <unicode value="Text and Tasks"></unicode>
           <string role="key" value="lastIdevice"></string>
           <bool value="0"></bool>
           <string role="key" value="nextFieldId"></string>
           <int value="3"></int>
           <string role="key" value="originalicon"></string>
           <string value=""></string>
           <string role="key" value="parentNode"></string>
           <reference key="15"></reference>
           <string role="key" value="systemResources"></string>
           <list></list>
           <string role="key" value="undo"></string>
           <bool value="1"></bool>
           <string role="key" value="userResources"></string>
           <list></list>
           <string role="key" value="version"></string>
           <int value="0"></int>
          </dictionary>
         </instance>
        </list>
        <string role="key" value="_id"></string>
        <unicode value="4"></unicode>
        <string role="key" value="_package"></string>
        <reference key="6"></reference>
        <string role="key" value="anchor_fields"></string>
        <list></list>
        <string role="key" value="exe.engine.node.Node.persistenceVersion"></string>
        <int value="2"></int>
        <string role="key" value="exportType"></string>
        <string value="scorm"></string>
        <string role="key" value="last_full_node_path"></string>
        <string value="exe-node:Graafikakaart:Harjutused"></string>
        <string role="key" value="parent"></string>
        <reference key="3"></reference>
        <string role="key" value="top_anchors_linked_from_fields"></string>
        <list></list>
        <string role="key" value="children"></string>
        <list></list>
       </dictionary>
      </instance>
      <instance class="exe.engine.node.Node" reference="20">
       <dictionary>
        <string role="key" value="_title"></string>
        <unicode value="Allikad ja lisalugemine"></unicode>
        <string role="key" value="idevices"></string>
        <list>
         <instance class="exe.engine.jsidevice.JsIdevice" reference="18">
          <dictionary>
           <string role="key" value="_title"></string>
           <unicode value=""></unicode>
           <string role="key" value="_attributes"></string>
           <list>
            <tuple>
             <string value="title"></string>
             <list>
              <string value="Title"></string>
              <int value="0"></int>
              <int value="0"></int>
             </list>
            </tuple>
            <tuple>
             <string value="category"></string>
             <list>
              <string value="Category"></string>
              <int value="0"></int>
              <int value="1"></int>
             </list>
            </tuple>
            <tuple>
             <string value="css-class"></string>
             <list>
              <string value="CSS class"></string>
              <int value="0"></int>
              <int value="2"></int>
             </list>
            </tuple>
            <tuple>
             <string value="icon"></string>
             <list>
              <string value="Icon"></string>
              <int value="0"></int>
              <int value="3"></int>
             </list>
            </tuple>
           </list>
           <string role="key" value="_author"></string>
           <string value=""></string>
           <string role="key" value="_iDeviceDir"></string>
           <string value="text"></string>
           <string role="key" value="_purpose"></string>
           <string value=""></string>
           <string role="key" value="_tip"></string>
           <string value=""></string>
           <string role="key" value="_valid"></string>
           <bool value="1"></bool>
           <string role="key" value="class_"></string>
           <unicode value="text"></unicode>
           <string role="key" value="edit"></string>
           <bool value="0"></bool>
           <string role="key" value="emphasis"></string>
           <int value="0"></int>
           <string role="key" value="exe.engine.jsidevice.JsIdevice.persistenceVersion"></string>
           <int value="1"></int>
           <string role="key" value="fields"></string>
           <list>
            <instance class="exe.engine.field.TextAreaField" reference="19">
             <dictionary>
              <string role="key" value="_id"></string>
              <unicode value="114_2"></unicode>
              <string role="key" value="_idevice"></string>
              <reference key="18"></reference>
              <string role="key" value="_instruc"></string>
              <string value=""></string>
              <string role="key" value="_name"></string>
              <string value=""></string>
              <string role="key" value="anchor_names"></string>
              <list></list>
              <string role="key" value="content_w_resourcePaths"></string>
              <unicode content="true" value="&lt;div class=&quot;exe-text&quot;&gt;&lt;p&gt;&lt;a href=&quot;https://www.kitchentablecomputers.com/vidcard3.php&quot; target=&quot;_blank&quot; title=&quot;Video Card Inputs and Outputs&quot; rel=&quot;noopener&quot;&gt;Video Card Inputs and Outputs&lt;/a&gt;&lt;span&gt;.&lt;/span&gt;&lt;/p&gt;&lt;/div&gt;"></unicode>
              <string role="key" value="exe.engine.field.Field.persistenceVersion"></string>
              <int value="4"></int>
              <string role="key" value="exe.engine.field.FieldWithResources.persistenceVersion"></string>
              <int value="2"></int>
              <string role="key" value="exe.engine.field.TextAreaField.persistenceVersion"></string>
              <int value="3"></int>
              <string role="key" value="htmlTag"></string>
              <string value="div"></string>
              <string role="key" value="images"></string>
              <instance class="exe.engine.galleryidevice.GalleryImages">
               <dictionary>
                <string role="key" value=".listitems"></string>
                <list></list>
                <string role="key" value="idevice"></string>
                <reference key="19"></reference>
               </dictionary>
              </instance>
              <string role="key" value="intlinks_to_anchors"></string>
              <dictionary></dictionary>
              <string role="key" value="nextImageId"></string>
              <int value="0"></int>
              <string role="key" value="parentNode"></string>
              <none></none>
             </dictionary>
            </instance>
           </list>
           <string role="key" value="icon"></string>
           <unicode value=""></unicode>
           <string role="key" value="id"></string>
           <unicode value="7"></unicode>
           <string role="key" value="ideviceCategory"></string>
           <unicode value="Text and Tasks"></unicode>
           <string role="key" value="lastIdevice"></string>
           <bool value="0"></bool>
           <string role="key" value="nextFieldId"></string>
           <int value="3"></int>
           <string role="key" value="originalicon"></string>
           <string value=""></string>
           <string role="key" value="parentNode"></string>
           <reference key="20"></reference>
           <string role="key" value="systemResources"></string>
           <list></list>
           <string role="key" value="undo"></string>
           <bool value="1"></bool>
           <string role="key" value="userResources"></string>
           <list></list>
           <string role="key" value="version"></string>
           <int value="0"></int>
          </dictionary>
         </instance>
        </list>
        <string role="key" value="_id"></string>
        <unicode value="5"></unicode>
        <string role="key" value="_package"></string>
        <reference key="6"></reference>
        <string role="key" value="anchor_fields"></string>
        <list></list>
        <string role="key" value="exe.engine.node.Node.persistenceVersion"></string>
        <int value="2"></int>
        <string role="key" value="exportType"></string>
        <string value="scorm"></string>
        <string role="key" value="last_full_node_path"></string>
        <string value="exe-node:Graafikakaart:Allikad%20ja%20lisalugemine"></string>
        <string role="key" value="parent"></string>
        <reference key="3"></reference>
        <string role="key" value="top_anchors_linked_from_fields"></string>
        <list></list>
        <string role="key" value="children"></string>
        <list></list>
       </dictionary>
      </instance>
     </list>
    </dictionary>
   </instance>
   <unicode role="key" value="2"></unicode>
   <reference key="9"></reference>
   <unicode role="key" value="3"></unicode>
   <reference key="12"></reference>
   <unicode role="key" value="4"></unicode>
   <reference key="15"></reference>
   <unicode role="key" value="5"></unicode>
   <reference key="20"></reference>
  </dictionary>
  <string role="key" value="_objectives"></string>
  <unicode value=""></unicode>
  <string role="key" value="_preknowledge"></string>
  <unicode value=""></unicode>
  <string role="key" value="_templateFile"></string>
  <string value="Base"></string>
  <string role="key" value="backgroundImgTile"></string>
  <bool value="0"></bool>
  <string role="key" value="currentNode"></string>
  <reference key="20"></reference>
  <string role="key" value="dublinCore"></string>
  <instance class="exe.engine.package.DublinCore">
   <dictionary>
    <string role="key" value="contributors"></string>
    <unicode value=""></unicode>
    <string role="key" value="coverage"></string>
    <unicode value=""></unicode>
    <string role="key" value="creator"></string>
    <unicode value="Martti Raavel"></unicode>
    <string role="key" value="date"></string>
    <unicode value=""></unicode>
    <string role="key" value="description"></string>
    <unicode value="Graafikaart"></unicode>
    <string role="key" value="format"></string>
    <unicode value=""></unicode>
    <string role="key" value="identifier"></string>
    <unicode value="4a7d755e-34a5-410a-a7d4-601881136623"></unicode>
    <string role="key" value="language"></string>
    <unicode value="et"></unicode>
    <string role="key" value="publisher"></string>
    <unicode value=""></unicode>
    <string role="key" value="relation"></string>
    <unicode value=""></unicode>
    <string role="key" value="rights"></string>
    <unicode value=""></unicode>
    <string role="key" value="source"></string>
    <unicode value=""></unicode>
    <string role="key" value="subject"></string>
    <unicode value=""></unicode>
    <string role="key" value="title"></string>
    <unicode value="Graafikaart"></unicode>
    <string role="key" value="type"></string>
    <unicode value=""></unicode>
   </dictionary>
  </instance>
  <string role="key" value="exe.engine.package.Package.persistenceVersion"></string>
  <int value="16"></int>
  <string role="key" value="exportMetadataType"></string>
  <string value="LOMES"></string>
  <string role="key" value="exportSource"></string>
  <bool value="1"></bool>
  <string role="key" value="footer"></string>
  <string value=""></string>
  <string role="key" value="isLoading"></string>
  <bool value="0"></bool>
  <string role="key" value="license"></string>
  <unicode value="creative commons: attribution - share alike 4.0"></unicode>
  <string role="key" value="lom"></string>
  <instance class="exe.engine.lom.lomsubs.lomSub">
   <dictionary>
    <string role="key" value="__index__"></string>
    <dictionary></dictionary>
    <string role="key" value="__oldchild__"></string>
    <none></none>
    <string role="key" value="annotation"></string>
    <list></list>
    <string role="key" value="classification"></string>
    <list></list>
    <string role="key" value="educational"></string>
    <list>
     <instance class="exe.engine.lom.lomsubs.educationalSub">
      <dictionary>
       <string role="key" value="cognitiveProcess"></string>
       <list></list>
       <string role="key" value="context"></string>
       <list></list>
       <string role="key" value="description"></string>
       <list></list>
       <string role="key" value="difficulty"></string>
       <none></none>
       <string role="key" value="intendedEndUserRole"></string>
       <list></list>
       <string role="key" value="interactivityLevel"></string>
       <none></none>
       <string role="key" value="interactivityType"></string>
       <none></none>
       <string role="key" value="language"></string>
       <list>
        <instance class="exe.engine.lom.lomsubs.LanguageIdSub">
         <dictionary>
          <string role="key" value="extensiontype_"></string>
          <none></none>
          <string role="key" value="valueOf_"></string>
          <string value="et"></string>
         </dictionary>
        </instance>
       </list>
       <string role="key" value="learningResourceType"></string>
       <list></list>
       <string role="key" value="semanticDensity"></string>
       <none></none>
       <string role="key" value="typicalAgeRange"></string>
       <list></list>
       <string role="key" value="typicalLearningTime"></string>
       <none></none>
      </dictionary>
     </instance>
    </list>
    <string role="key" value="general"></string>
    <instance class="exe.engine.lom.lomsubs.generalSub">
     <dictionary>
      <string role="key" value="aggregationLevel"></string>
      <instance class="exe.engine.lom.lomsubs.aggregationLevelSub">
       <dictionary>
        <string role="key" value="extensiontype_"></string>
        <none></none>
        <string role="key" value="source"></string>
        <instance class="exe.engine.lom.lomsubs.sourceValueSub">
         <dictionary>
          <string role="key" value="extensiontype_"></string>
          <none></none>
          <string role="key" value="string"></string>
          <list></list>
          <string role="key" value="uniqueElementName"></string>
          <string value="source"></string>
          <string role="key" value="valueOf_"></string>
          <string value="LOMv1.0"></string>
         </dictionary>
        </instance>
        <string role="key" value="uniqueElementName"></string>
        <string value="aggregationLevel"></string>
        <string role="key" value="value"></string>
        <instance class="exe.engine.lom.lomsubs.aggregationLevelValueSub">
         <dictionary>
          <string role="key" value="extensiontype_"></string>
          <none></none>
          <string role="key" value="source"></string>
          <none></none>
          <string role="key" value="uniqueElementName"></string>
          <string value="value"></string>
          <string role="key" value="value"></string>
          <none></none>
          <string role="key" value="valueOf_"></string>
          <string value="2"></string>
         </dictionary>
        </instance>
       </dictionary>
      </instance>
      <string role="key" value="coverage"></string>
      <list></list>
      <string role="key" value="description"></string>
      <list>
       <instance class="exe.engine.lom.lomsubs.descriptionSub">
        <dictionary>
         <string role="key" value="extensiontype_"></string>
         <none></none>
         <string role="key" value="string"></string>
         <list>
          <instance class="exe.engine.lom.lomsubs.LangStringSub">
           <dictionary>
            <string role="key" value="language"></string>
            <string value="et"></string>
            <string role="key" value="valueOf_"></string>
            <string value="Graafikaart"></string>
           </dictionary>
          </instance>
         </list>
        </dictionary>
       </instance>
      </list>
      <string role="key" value="identifier"></string>
      <list>
       <instance class="exe.engine.lom.lomsubs.identifierSub">
        <dictionary>
         <string role="key" value="catalog"></string>
         <instance class="exe.engine.lom.lomsubs.catalogSub">
          <dictionary>
           <string role="key" value="uniqueElementName"></string>
           <string value="catalog"></string>
           <string role="key" value="valueOf_"></string>
           <unicode value="My Catalog"></unicode>
          </dictionary>
         </instance>
         <string role="key" value="entry"></string>
         <instance class="exe.engine.lom.lomsubs.entrySub">
          <dictionary>
           <string role="key" value="uniqueElementName"></string>
           <string value="entry"></string>
           <string role="key" value="valueOf_"></string>
           <unicode value="4a7d755e-34a5-410a-a7d4-601881136623"></unicode>
          </dictionary>
         </instance>
        </dictionary>
       </instance>
      </list>
      <string role="key" value="keyword"></string>
      <list></list>
      <string role="key" value="language"></string>
      <list>
       <instance class="exe.engine.lom.lomsubs.LanguageIdSub">
        <dictionary>
         <string role="key" value="extensiontype_"></string>
         <none></none>
         <string role="key" value="valueOf_"></string>
         <string value="et"></string>
        </dictionary>
       </instance>
      </list>
      <string role="key" value="structure"></string>
      <none></none>
      <string role="key" value="title"></string>
      <instance class="exe.engine.lom.lomsubs.titleSub">
       <dictionary>
        <string role="key" value="extensiontype_"></string>
        <none></none>
        <string role="key" value="string"></string>
        <list>
         <instance class="exe.engine.lom.lomsubs.LangStringSub">
          <dictionary>
           <string role="key" value="language"></string>
           <string value="et"></string>
           <string role="key" value="valueOf_"></string>
           <string value="Graafikaart"></string>
          </dictionary>
         </instance>
        </list>
        <string role="key" value="uniqueElementName"></string>
        <none></none>
       </dictionary>
      </instance>
      <string role="key" value="uniqueElementName"></string>
      <string value="general"></string>
     </dictionary>
    </instance>
    <string role="key" value="lifeCycle"></string>
    <instance class="exe.engine.lom.lomsubs.lifeCycleSub">
     <dictionary>
      <string role="key" value="contribute"></string>
      <list>
       <instance class="exe.engine.lom.lomsubs.contributeSub">
        <dictionary>
         <string role="key" value="date"></string>
         <instance class="exe.engine.lom.lomsubs.dateSub">
          <dictionary>
           <string role="key" value="dateTime"></string>
           <instance class="exe.engine.lom.lomsubs.DateTimeValueSub">
            <dictionary>
             <string role="key" value="uniqueElementName"></string>
             <string value="dateTime"></string>
             <string role="key" value="valueOf_"></string>
             <string value="2021-04-01T09:16:39.00+03:00"></string>
            </dictionary>
           </instance>
           <string role="key" value="description"></string>
           <instance class="exe.engine.lom.lomsubs.LanguageStringSub">
            <dictionary>
             <string role="key" value="extensiontype_"></string>
             <none></none>
             <string role="key" value="string"></string>
             <list>
              <instance class="exe.engine.lom.lomsubs.LangStringSub">
               <dictionary>
                <string role="key" value="language"></string>
                <string value="et"></string>
                <string role="key" value="valueOf_"></string>
                <string value="Metadata creation date"></string>
               </dictionary>
              </instance>
             </list>
            </dictionary>
           </instance>
           <string role="key" value="extensiontype_"></string>
           <none></none>
           <string role="key" value="uniqueElementName"></string>
           <none></none>
           <string role="key" value="valueOf_"></string>
           <none></none>
          </dictionary>
         </instance>
         <string role="key" value="entity"></string>
         <list>
          <instance class="exe.engine.lom.lomsubs.entitySub">
           <dictionary>
            <string role="key" value="extensiontype_"></string>
            <none></none>
            <string role="key" value="valueOf_"></string>
            <string value="BEGIN:VCARD VERSION:3.0 FN:Martti Raavel EMAIL;TYPE=INTERNET: ORG: END:VCARD"></string>
           </dictionary>
          </instance>
         </list>
         <string role="key" value="role"></string>
         <instance class="exe.engine.lom.lomsubs.roleSub">
          <dictionary>
           <string role="key" value="extensiontype_"></string>
           <none></none>
           <string role="key" value="source"></string>
           <instance class="exe.engine.lom.lomsubs.sourceValueSub">
            <dictionary>
             <string role="key" value="extensiontype_"></string>
             <none></none>
             <string role="key" value="string"></string>
             <list></list>
             <string role="key" value="uniqueElementName"></string>
             <string value="source"></string>
             <string role="key" value="valueOf_"></string>
             <string value="LOMv1.0"></string>
            </dictionary>
           </instance>
           <string role="key" value="uniqueElementName"></string>
           <string value="role"></string>
           <string role="key" value="value"></string>
           <instance class="exe.engine.lom.lomsubs.roleValueSub">
            <dictionary>
             <string role="key" value="extensiontype_"></string>
             <none></none>
             <string role="key" value="source"></string>
             <none></none>
             <string role="key" value="uniqueElementName"></string>
             <string value="value"></string>
             <string role="key" value="value"></string>
             <none></none>
             <string role="key" value="valueOf_"></string>
             <string value="author"></string>
            </dictionary>
           </instance>
          </dictionary>
         </instance>
        </dictionary>
       </instance>
      </list>
      <string role="key" value="status"></string>
      <none></none>
      <string role="key" value="uniqueElementName"></string>
      <none></none>
      <string role="key" value="version"></string>
      <none></none>
     </dictionary>
    </instance>
    <string role="key" value="metaMetadata"></string>
    <instance class="exe.engine.lom.lomsubs.metaMetadataSub">
     <dictionary>
      <string role="key" value="contribute"></string>
      <list>
       <instance class="exe.engine.lom.lomsubs.contributeMetaSub">
        <dictionary>
         <string role="key" value="date"></string>
         <instance class="exe.engine.lom.lomsubs.dateSub">
          <dictionary>
           <string role="key" value="dateTime"></string>
           <instance class="exe.engine.lom.lomsubs.DateTimeValueSub">
            <dictionary>
             <string role="key" value="uniqueElementName"></string>
             <string value="dateTime"></string>
             <string role="key" value="valueOf_"></string>
             <string value="2021-04-01T09:09:30.00+03:00"></string>
            </dictionary>
           </instance>
           <string role="key" value="description"></string>
           <instance class="exe.engine.lom.lomsubs.LanguageStringSub">
            <dictionary>
             <string role="key" value="extensiontype_"></string>
             <none></none>
             <string role="key" value="string"></string>
             <list>
              <instance class="exe.engine.lom.lomsubs.LangStringSub">
               <dictionary>
                <string role="key" value="language"></string>
                <string value="et"></string>
                <string role="key" value="valueOf_"></string>
                <string value="Metadata creation date"></string>
               </dictionary>
              </instance>
             </list>
            </dictionary>
           </instance>
           <string role="key" value="extensiontype_"></string>
           <none></none>
           <string role="key" value="uniqueElementName"></string>
           <none></none>
           <string role="key" value="valueOf_"></string>
           <none></none>
          </dictionary>
         </instance>
         <string role="key" value="entity"></string>
         <list>
          <instance class="exe.engine.lom.lomsubs.entitySub">
           <dictionary>
            <string role="key" value="extensiontype_"></string>
            <none></none>
            <string role="key" value="valueOf_"></string>
            <string value="BEGIN:VCARD VERSION:3.0 FN:Martti Raavel EMAIL;TYPE=INTERNET: ORG: END:VCARD"></string>
           </dictionary>
          </instance>
         </list>
         <string role="key" value="role"></string>
         <instance class="exe.engine.lom.lomsubs.roleSub">
          <dictionary>
           <string role="key" value="extensiontype_"></string>
           <none></none>
           <string role="key" value="source"></string>
           <instance class="exe.engine.lom.lomsubs.sourceValueSub">
            <dictionary>
             <string role="key" value="extensiontype_"></string>
             <none></none>
             <string role="key" value="string"></string>
             <list></list>
             <string role="key" value="uniqueElementName"></string>
             <string value="source"></string>
             <string role="key" value="valueOf_"></string>
             <string value="LOMv1.0"></string>
            </dictionary>
           </instance>
           <string role="key" value="uniqueElementName"></string>
           <string value="role"></string>
           <string role="key" value="value"></string>
           <instance class="exe.engine.lom.lomsubs.roleValueSub">
            <dictionary>
             <string role="key" value="extensiontype_"></string>
             <none></none>
             <string role="key" value="source"></string>
             <none></none>
             <string role="key" value="uniqueElementName"></string>
             <string value="value"></string>
             <string role="key" value="value"></string>
             <none></none>
             <string role="key" value="valueOf_"></string>
             <string value="creator"></string>
            </dictionary>
           </instance>
          </dictionary>
         </instance>
        </dictionary>
       </instance>
      </list>
      <string role="key" value="identifier"></string>
      <list></list>
      <string role="key" value="language"></string>
      <instance class="exe.engine.lom.lomsubs.LanguageIdSub">
       <dictionary>
        <string role="key" value="extensiontype_"></string>
        <none></none>
        <string role="key" value="valueOf_"></string>
        <string value="et"></string>
       </dictionary>
      </instance>
      <string role="key" value="metadataSchema"></string>
      <list>
       <instance class="exe.engine.lom.lomsubs.metadataSchemaSub">
        <dictionary>
         <string role="key" value="valueOf_"></string>
         <string value="LOMv1.0"></string>
        </dictionary>
       </instance>
      </list>
      <string role="key" value="uniqueElementName"></string>
      <string value="metaMetadata"></string>
     </dictionary>
    </instance>
    <string role="key" value="relation"></string>
    <list></list>
    <string role="key" value="rights"></string>
    <instance class="exe.engine.lom.lomsubs.rightsSub">
     <dictionary>
      <string role="key" value="access"></string>
      <none></none>
      <string role="key" value="copyrightAndOtherRestrictions"></string>
      <instance class="exe.engine.lom.lomsubs.copyrightAndOtherRestrictionsSub">
       <dictionary>
        <string role="key" value="extensiontype_"></string>
        <none></none>
        <string role="key" value="source"></string>
        <instance class="exe.engine.lom.lomsubs.sourceValueSub">
         <dictionary>
          <string role="key" value="extensiontype_"></string>
          <none></none>
          <string role="key" value="string"></string>
          <list></list>
          <string role="key" value="uniqueElementName"></string>
          <string value="source"></string>
          <string role="key" value="valueOf_"></string>
          <string value="LOMv1.0"></string>
         </dictionary>
        </instance>
        <string role="key" value="uniqueElementName"></string>
        <string value="copyrightAndOtherRestrictions"></string>
        <string role="key" value="value"></string>
        <instance class="exe.engine.lom.lomsubs.copyrightAndOtherRestrictionsValueSub">
         <dictionary>
          <string role="key" value="extensiontype_"></string>
          <none></none>
          <string role="key" value="source"></string>
          <none></none>
          <string role="key" value="uniqueElementName"></string>
          <string value="value"></string>
          <string role="key" value="value"></string>
          <none></none>
          <string role="key" value="valueOf_"></string>
          <string value="yes"></string>
         </dictionary>
        </instance>
       </dictionary>
      </instance>
      <string role="key" value="cost"></string>
      <none></none>
      <string role="key" value="description"></string>
      <none></none>
      <string role="key" value="uniqueElementName"></string>
      <none></none>
     </dictionary>
    </instance>
    <string role="key" value="technical"></string>
    <none></none>
   </dictionary>
  </instance>
  <string role="key" value="lomEs"></string>
  <instance class="exe.engine.lom.lomsubs.lomSub">
   <dictionary>
    <string role="key" value="__index__"></string>
    <dictionary></dictionary>
    <string role="key" value="__oldchild__"></string>
    <none></none>
    <string role="key" value="annotation"></string>
    <list></list>
    <string role="key" value="classification"></string>
    <list></list>
    <string role="key" value="educational"></string>
    <list>
     <instance class="exe.engine.lom.lomsubs.educationalSub">
      <dictionary>
       <string role="key" value="cognitiveProcess"></string>
       <list></list>
       <string role="key" value="context"></string>
       <list></list>
       <string role="key" value="description"></string>
       <list></list>
       <string role="key" value="difficulty"></string>
       <none></none>
       <string role="key" value="intendedEndUserRole"></string>
       <list></list>
       <string role="key" value="interactivityLevel"></string>
       <none></none>
       <string role="key" value="interactivityType"></string>
       <none></none>
       <string role="key" value="language"></string>
       <list>
        <instance class="exe.engine.lom.lomsubs.LanguageIdSub">
         <dictionary>
          <string role="key" value="extensiontype_"></string>
          <none></none>
          <string role="key" value="valueOf_"></string>
          <string value="et"></string>
         </dictionary>
        </instance>
       </list>
       <string role="key" value="learningResourceType"></string>
       <list></list>
       <string role="key" value="semanticDensity"></string>
       <none></none>
       <string role="key" value="typicalAgeRange"></string>
       <list></list>
       <string role="key" value="typicalLearningTime"></string>
       <none></none>
      </dictionary>
     </instance>
    </list>
    <string role="key" value="general"></string>
    <instance class="exe.engine.lom.lomsubs.generalSub">
     <dictionary>
      <string role="key" value="aggregationLevel"></string>
      <instance class="exe.engine.lom.lomsubs.aggregationLevelSub">
       <dictionary>
        <string role="key" value="extensiontype_"></string>
        <none></none>
        <string role="key" value="source"></string>
        <instance class="exe.engine.lom.lomsubs.sourceValueSub">
         <dictionary>
          <string role="key" value="extensiontype_"></string>
          <none></none>
          <string role="key" value="string"></string>
          <list></list>
          <string role="key" value="uniqueElementName"></string>
          <string value="source"></string>
          <string role="key" value="valueOf_"></string>
          <string value="LOM-ESv1.0"></string>
         </dictionary>
        </instance>
        <string role="key" value="uniqueElementName"></string>
        <string value="aggregationLevel"></string>
        <string role="key" value="value"></string>
        <instance class="exe.engine.lom.lomsubs.aggregationLevelValueSub">
         <dictionary>
          <string role="key" value="extensiontype_"></string>
          <none></none>
          <string role="key" value="source"></string>
          <none></none>
          <string role="key" value="uniqueElementName"></string>
          <string value="value"></string>
          <string role="key" value="value"></string>
          <none></none>
          <string role="key" value="valueOf_"></string>
          <string value="2"></string>
         </dictionary>
        </instance>
       </dictionary>
      </instance>
      <string role="key" value="coverage"></string>
      <list></list>
      <string role="key" value="description"></string>
      <list>
       <instance class="exe.engine.lom.lomsubs.descriptionSub">
        <dictionary>
         <string role="key" value="extensiontype_"></string>
         <none></none>
         <string role="key" value="string"></string>
         <list>
          <instance class="exe.engine.lom.lomsubs.LangStringSub">
           <dictionary>
            <string role="key" value="language"></string>
            <string value="et"></string>
            <string role="key" value="valueOf_"></string>
            <string value="Graafikaart"></string>
           </dictionary>
          </instance>
         </list>
        </dictionary>
       </instance>
      </list>
      <string role="key" value="identifier"></string>
      <list>
       <instance class="exe.engine.lom.lomsubs.identifierSub">
        <dictionary>
         <string role="key" value="catalog"></string>
         <instance class="exe.engine.lom.lomsubs.catalogSub">
          <dictionary>
           <string role="key" value="uniqueElementName"></string>
           <string value="catalog"></string>
           <string role="key" value="valueOf_"></string>
           <unicode value="My Catalog"></unicode>
          </dictionary>
         </instance>
         <string role="key" value="entry"></string>
         <instance class="exe.engine.lom.lomsubs.entrySub">
          <dictionary>
           <string role="key" value="uniqueElementName"></string>
           <string value="entry"></string>
           <string role="key" value="valueOf_"></string>
           <unicode value="4a7d755e-34a5-410a-a7d4-601881136623"></unicode>
          </dictionary>
         </instance>
        </dictionary>
       </instance>
      </list>
      <string role="key" value="keyword"></string>
      <list></list>
      <string role="key" value="language"></string>
      <list>
       <instance class="exe.engine.lom.lomsubs.LanguageIdSub">
        <dictionary>
         <string role="key" value="extensiontype_"></string>
         <none></none>
         <string role="key" value="valueOf_"></string>
         <string value="et"></string>
        </dictionary>
       </instance>
      </list>
      <string role="key" value="structure"></string>
      <none></none>
      <string role="key" value="title"></string>
      <instance class="exe.engine.lom.lomsubs.titleSub">
       <dictionary>
        <string role="key" value="extensiontype_"></string>
        <none></none>
        <string role="key" value="string"></string>
        <list>
         <instance class="exe.engine.lom.lomsubs.LangStringSub">
          <dictionary>
           <string role="key" value="language"></string>
           <string value="et"></string>
           <string role="key" value="valueOf_"></string>
           <string value="Graafikaart"></string>
          </dictionary>
         </instance>
        </list>
        <string role="key" value="uniqueElementName"></string>
        <none></none>
       </dictionary>
      </instance>
      <string role="key" value="uniqueElementName"></string>
      <string value="general"></string>
     </dictionary>
    </instance>
    <string role="key" value="lifeCycle"></string>
    <instance class="exe.engine.lom.lomsubs.lifeCycleSub">
     <dictionary>
      <string role="key" value="contribute"></string>
      <list>
       <instance class="exe.engine.lom.lomsubs.contributeSub">
        <dictionary>
         <string role="key" value="date"></string>
         <instance class="exe.engine.lom.lomsubs.dateSub">
          <dictionary>
           <string role="key" value="dateTime"></string>
           <instance class="exe.engine.lom.lomsubs.DateTimeValueSub">
            <dictionary>
             <string role="key" value="uniqueElementName"></string>
             <string value="dateTime"></string>
             <string role="key" value="valueOf_"></string>
             <string value="2021-04-01T09:16:39.00+03:00"></string>
            </dictionary>
           </instance>
           <string role="key" value="description"></string>
           <instance class="exe.engine.lom.lomsubs.LanguageStringSub">
            <dictionary>
             <string role="key" value="extensiontype_"></string>
             <none></none>
             <string role="key" value="string"></string>
             <list>
              <instance class="exe.engine.lom.lomsubs.LangStringSub">
               <dictionary>
                <string role="key" value="language"></string>
                <string value="et"></string>
                <string role="key" value="valueOf_"></string>
                <string value="Metadata creation date"></string>
               </dictionary>
              </instance>
             </list>
            </dictionary>
           </instance>
           <string role="key" value="extensiontype_"></string>
           <none></none>
           <string role="key" value="uniqueElementName"></string>
           <none></none>
           <string role="key" value="valueOf_"></string>
           <none></none>
          </dictionary>
         </instance>
         <string role="key" value="entity"></string>
         <list>
          <instance class="exe.engine.lom.lomsubs.entitySub">
           <dictionary>
            <string role="key" value="extensiontype_"></string>
            <none></none>
            <string role="key" value="valueOf_"></string>
            <string value="BEGIN:VCARD VERSION:3.0 FN:Martti Raavel EMAIL;TYPE=INTERNET: ORG: END:VCARD"></string>
           </dictionary>
          </instance>
         </list>
         <string role="key" value="role"></string>
         <instance class="exe.engine.lom.lomsubs.roleSub">
          <dictionary>
           <string role="key" value="extensiontype_"></string>
           <none></none>
           <string role="key" value="source"></string>
           <instance class="exe.engine.lom.lomsubs.sourceValueSub">
            <dictionary>
             <string role="key" value="extensiontype_"></string>
             <none></none>
             <string role="key" value="string"></string>
             <list></list>
             <string role="key" value="uniqueElementName"></string>
             <string value="source"></string>
             <string role="key" value="valueOf_"></string>
             <string value="LOM-ESv1.0"></string>
            </dictionary>
           </instance>
           <string role="key" value="uniqueElementName"></string>
           <string value="role"></string>
           <string role="key" value="value"></string>
           <instance class="exe.engine.lom.lomsubs.roleValueSub">
            <dictionary>
             <string role="key" value="extensiontype_"></string>
             <none></none>
             <string role="key" value="source"></string>
             <none></none>
             <string role="key" value="uniqueElementName"></string>
             <string value="value"></string>
             <string role="key" value="value"></string>
             <none></none>
             <string role="key" value="valueOf_"></string>
             <string value="author"></string>
            </dictionary>
           </instance>
          </dictionary>
         </instance>
        </dictionary>
       </instance>
      </list>
      <string role="key" value="status"></string>
      <none></none>
      <string role="key" value="uniqueElementName"></string>
      <none></none>
      <string role="key" value="version"></string>
      <none></none>
     </dictionary>
    </instance>
    <string role="key" value="metaMetadata"></string>
    <instance class="exe.engine.lom.lomsubs.metaMetadataSub">
     <dictionary>
      <string role="key" value="contribute"></string>
      <list>
       <instance class="exe.engine.lom.lomsubs.contributeMetaSub">
        <dictionary>
         <string role="key" value="date"></string>
         <instance class="exe.engine.lom.lomsubs.dateSub">
          <dictionary>
           <string role="key" value="dateTime"></string>
           <instance class="exe.engine.lom.lomsubs.DateTimeValueSub">
            <dictionary>
             <string role="key" value="uniqueElementName"></string>
             <string value="dateTime"></string>
             <string role="key" value="valueOf_"></string>
             <string value="2021-04-01T09:09:30.00+03:00"></string>
            </dictionary>
           </instance>
           <string role="key" value="description"></string>
           <instance class="exe.engine.lom.lomsubs.LanguageStringSub">
            <dictionary>
             <string role="key" value="extensiontype_"></string>
             <none></none>
             <string role="key" value="string"></string>
             <list>
              <instance class="exe.engine.lom.lomsubs.LangStringSub">
               <dictionary>
                <string role="key" value="language"></string>
                <string value="et"></string>
                <string role="key" value="valueOf_"></string>
                <string value="Metadata creation date"></string>
               </dictionary>
              </instance>
             </list>
            </dictionary>
           </instance>
           <string role="key" value="extensiontype_"></string>
           <none></none>
           <string role="key" value="uniqueElementName"></string>
           <none></none>
           <string role="key" value="valueOf_"></string>
           <none></none>
          </dictionary>
         </instance>
         <string role="key" value="entity"></string>
         <list>
          <instance class="exe.engine.lom.lomsubs.entitySub">
           <dictionary>
            <string role="key" value="extensiontype_"></string>
            <none></none>
            <string role="key" value="valueOf_"></string>
            <string value="BEGIN:VCARD VERSION:3.0 FN:Martti Raavel EMAIL;TYPE=INTERNET: ORG: END:VCARD"></string>
           </dictionary>
          </instance>
         </list>
         <string role="key" value="role"></string>
         <instance class="exe.engine.lom.lomsubs.roleSub">
          <dictionary>
           <string role="key" value="extensiontype_"></string>
           <none></none>
           <string role="key" value="source"></string>
           <instance class="exe.engine.lom.lomsubs.sourceValueSub">
            <dictionary>
             <string role="key" value="extensiontype_"></string>
             <none></none>
             <string role="key" value="string"></string>
             <list></list>
             <string role="key" value="uniqueElementName"></string>
             <string value="source"></string>
             <string role="key" value="valueOf_"></string>
             <string value="LOM-ESv1.0"></string>
            </dictionary>
           </instance>
           <string role="key" value="uniqueElementName"></string>
           <string value="role"></string>
           <string role="key" value="value"></string>
           <instance class="exe.engine.lom.lomsubs.roleValueSub">
            <dictionary>
             <string role="key" value="extensiontype_"></string>
             <none></none>
             <string role="key" value="source"></string>
             <none></none>
             <string role="key" value="uniqueElementName"></string>
             <string value="value"></string>
             <string role="key" value="value"></string>
             <none></none>
             <string role="key" value="valueOf_"></string>
             <string value="creator"></string>
            </dictionary>
           </instance>
          </dictionary>
         </instance>
        </dictionary>
       </instance>
      </list>
      <string role="key" value="identifier"></string>
      <list></list>
      <string role="key" value="language"></string>
      <instance class="exe.engine.lom.lomsubs.LanguageIdSub">
       <dictionary>
        <string role="key" value="extensiontype_"></string>
        <none></none>
        <string role="key" value="valueOf_"></string>
        <string value="et"></string>
       </dictionary>
      </instance>
      <string role="key" value="metadataSchema"></string>
      <list>
       <instance class="exe.engine.lom.lomsubs.metadataSchemaSub">
        <dictionary>
         <string role="key" value="valueOf_"></string>
         <string value="LOM-ESv1.0"></string>
        </dictionary>
       </instance>
      </list>
      <string role="key" value="uniqueElementName"></string>
      <string value="metaMetadata"></string>
     </dictionary>
    </instance>
    <string role="key" value="relation"></string>
    <list></list>
    <string role="key" value="rights"></string>
    <instance class="exe.engine.lom.lomsubs.rightsSub">
     <dictionary>
      <string role="key" value="access"></string>
      <instance class="exe.engine.lom.lomsubs.accessSub">
       <dictionary>
        <string role="key" value="accessType"></string>
        <instance class="exe.engine.lom.lomsubs.accessTypeSub">
         <dictionary>
          <string role="key" value="extensiontype_"></string>
          <none></none>
          <string role="key" value="source"></string>
          <instance class="exe.engine.lom.lomsubs.sourceValueSub">
           <dictionary>
            <string role="key" value="extensiontype_"></string>
            <none></none>
            <string role="key" value="string"></string>
            <list></list>
            <string role="key" value="uniqueElementName"></string>
            <string value="source"></string>
            <string role="key" value="valueOf_"></string>
            <string value="LOM-ESv1.0"></string>
           </dictionary>
          </instance>
          <string role="key" value="uniqueElementName"></string>
          <string value="accessType"></string>
          <string role="key" value="value"></string>
          <instance class="exe.engine.lom.lomsubs.accessTypeValueSub">
           <dictionary>
            <string role="key" value="extensiontype_"></string>
            <none></none>
            <string role="key" value="source"></string>
            <none></none>
            <string role="key" value="uniqueElementName"></string>
            <string value="value"></string>
            <string role="key" value="value"></string>
            <none></none>
            <string role="key" value="valueOf_"></string>
            <string value="universal"></string>
           </dictionary>
          </instance>
         </dictionary>
        </instance>
        <string role="key" value="description"></string>
        <instance class="exe.engine.lom.lomsubs.LanguageStringSub">
         <dictionary>
          <string role="key" value="extensiontype_"></string>
          <none></none>
          <string role="key" value="string"></string>
          <list>
           <instance class="exe.engine.lom.lomsubs.LangStringSub">
            <dictionary>
             <string role="key" value="language"></string>
             <string value="en"></string>
             <string role="key" value="valueOf_"></string>
             <unicode value="Default"></unicode>
            </dictionary>
           </instance>
          </list>
         </dictionary>
        </instance>
        <string role="key" value="uniqueElementName"></string>
        <string value="access"></string>
       </dictionary>
      </instance>
      <string role="key" value="copyrightAndOtherRestrictions"></string>
      <instance class="exe.engine.lom.lomsubs.copyrightAndOtherRestrictionsSub">
       <dictionary>
        <string role="key" value="extensiontype_"></string>
        <none></none>
        <string role="key" value="source"></string>
        <instance class="exe.engine.lom.lomsubs.sourceValueSub">
         <dictionary>
          <string role="key" value="extensiontype_"></string>
          <none></none>
          <string role="key" value="string"></string>
          <list></list>
          <string role="key" value="uniqueElementName"></string>
          <string value="source"></string>
          <string role="key" value="valueOf_"></string>
          <string value="LOM-ESv1.0"></string>
         </dictionary>
        </instance>
        <string role="key" value="uniqueElementName"></string>
        <string value="copyrightAndOtherRestrictions"></string>
        <string role="key" value="value"></string>
        <instance class="exe.engine.lom.lomsubs.copyrightAndOtherRestrictionsValueSub">
         <dictionary>
          <string role="key" value="extensiontype_"></string>
          <none></none>
          <string role="key" value="source"></string>
          <none></none>
          <string role="key" value="uniqueElementName"></string>
          <string value="value"></string>
          <string role="key" value="value"></string>
          <none></none>
          <string role="key" value="valueOf_"></string>
          <string value="creative commons: attribution - share alike"></string>
         </dictionary>
        </instance>
       </dictionary>
      </instance>
      <string role="key" value="cost"></string>
      <none></none>
      <string role="key" value="description"></string>
      <none></none>
      <string role="key" value="uniqueElementName"></string>
      <string value="rights"></string>
     </dictionary>
    </instance>
    <string role="key" value="technical"></string>
    <none></none>
   </dictionary>
  </instance>
  <string role="key" value="mxmlforcemediaonly"></string>
  <bool value="0"></bool>
  <string role="key" value="mxmlheight"></string>
  <string value=""></string>
  <string role="key" value="mxmlprofilelist"></string>
  <string value=""></string>
  <string role="key" value="mxmlwidth"></string>
  <string value=""></string>
  <string role="key" value="release"></string>
  <string value="2.5.1"></string>
  <string role="key" value="resources"></string>
  <dictionary></dictionary>
  <string role="key" value="root"></string>
  <reference key="3"></reference>
  <string role="key" value="scolinks"></string>
  <bool value="0"></bool>
  <string role="key" value="scowsinglepage"></string>
  <bool value="0"></bool>
  <string role="key" value="scowwebsite"></string>
  <bool value="0"></bool>
  <string role="key" value="style"></string>
  <unicode value="INTEF"></unicode>
  <string role="key" value="sugaractivityname"></string>
  <string value=""></string>
  <string role="key" value="sugarservicename"></string>
  <string value=""></string>
  <string role="key" value="tempFile"></string>
  <bool value="0"></bool>
 </dictionary>
</instance>