<?xml version="1.0" encoding="UTF-8"?>
<!-- Generated by eXe - http://exelearning.net -->
<manifest identifier="eXeprinterid5fd9f20425b932b19939" xmlns="http://www.imsproject.org/xsd/imscp_rootv1p1p2" xmlns:adlcp="http://www.adlnet.org/xsd/adlcp_rootv1p2" xmlns:imsmd="http://www.imsglobal.org/xsd/imsmd_v1p2" xmlns:xsi="http://www.w3.org/2001/XMLSchema-instance" xsi:schemaLocation="http://www.imsproject.org/xsd/imscp_rootv1p1p2 imscp_rootv1p1p2.xsd http://www.imsglobal.org/xsd/imsmd_rootv1p2p1 imsmd_rootv1p2p1.xsd http://www.adlnet.org/xsd/adlcp_rootv1p2 adlcp_rootv1p2.xsd" > 
<metadata> 
 <schema>ADL SCORM</schema> 
 <schemaversion>1.2</schemaversion> 
 <adlcp:location>imslrm.xml</adlcp:location> 
</metadata> 
<organizations default="eXeprinterid5fd9f20425b932b1993a">  
    <organization identifier="eXeprinterid5fd9f20425b932b1993a" structure="hierarchical">
        <title>Printerid</title>
<item identifier="ITEM-eXeprinterid5fd9f20425b932b1993b" isvisible="true" identifierref="RES-eXeprinterid5fd9f20425b932b1993c">
    <title>Printerid</title>
<item identifier="ITEM-eXeprinterid5fd9f20425b932b19a3d" isvisible="true" identifierref="RES-eXeprinterid5fd9f20425b932b19a3e">
    <title>Printerite parameetrid</title>
</item>
<item identifier="ITEM-eXeprinterid5fd9f20425b932b19a3f" isvisible="true" identifierref="RES-eXeprinterid5fd9f20425b932b19a40">
    <title>Prinditehnoloogiad</title>
</item>
<item identifier="ITEM-eXeprinterid5fd9f20425b932b19d41" isvisible="true" identifierref="RES-eXeprinterid5fd9f20425b932b19d42">
    <title>Harjutused</title>
</item>
<item identifier="ITEM-eXeprinterid5fd9f20425b932b19e43" isvisible="true" identifierref="RES-eXeprinterid5fd9f20425b932b19e44">
    <title>Allikad ja lisalugemine</title>
<item identifier="ITEM-eXeprinterid5fd9f20425b932b19f45" isvisible="true" identifierref="RES-eXeprinterid5fd9f20425b932b19f46">
    <title>Õpiobjekti algfailid</title>
</item>
</item>
</item>
  </organization>
</organizations>
<resources>
  <resource identifier="RES-eXeprinterid5fd9f20425b932b1993c" type="webcontent" adlcp:scormtype="sco" href="index.html"> 
    <file href="index.html"/> 
    <file href="exe_html5.js"/>
    <file href="Fujitsu_DL3300_dot_matrix_printer.jpg"/>
    <file href="Cognitive-Cxi-Thermal-Label-Printer.jpg"/>
    <file href="Canon_inkjet.jpg"/>
    <file href="HP_LaserJet_1020_printer.jpg"/>
    <dependency identifierref="COMMON_FILES"/>
  </resource>
  <resource identifier="RES-eXeprinterid5fd9f20425b932b19a3e" type="webcontent" adlcp:scormtype="sco" href="printerite_parameetrid.html"> 
    <file href="printerite_parameetrid.html"/> 
    <file href="exe_html5.js"/>
    <dependency identifierref="COMMON_FILES"/>
  </resource>
  <resource identifier="RES-eXeprinterid5fd9f20425b932b19a40" type="webcontent" adlcp:scormtype="sco" href="prinditehnoloogiad.html"> 
    <file href="prinditehnoloogiad.html"/> 
    <file href="exe_html5.js"/>
    <file href="inkjet_printing.png"/>
    <file href="dot-matrix-example-text.png"/>
    <file href="laser-printer-laser.gif"/>
    <file href="800px-Printer_dot_matrix_EPSON_VP-500.jpg"/>
    <file href="dot-matrix_technology.png"/>
    <file href="3d_printer.jpg"/>
    <file href="fg_printer-with-inks.png"/>
    <dependency identifierref="COMMON_FILES"/>
  </resource>
  <resource identifier="RES-eXeprinterid5fd9f20425b932b19d42" type="webcontent" adlcp:scormtype="sco" href="harjutused.html"> 
    <file href="harjutused.html"/> 
    <file href="exe_html5.js"/>
    <dependency identifierref="COMMON_FILES"/>
  </resource>
  <resource identifier="RES-eXeprinterid5fd9f20425b932b19e44" type="webcontent" adlcp:scormtype="sco" href="allikad_ja_lisalugemine.html"> 
    <file href="allikad_ja_lisalugemine.html"/> 
    <file href="exe_html5.js"/>
    <dependency identifierref="COMMON_FILES"/>
  </resource>
  <resource identifier="RES-eXeprinterid5fd9f20425b932b19f46" type="webcontent" adlcp:scormtype="sco" href="piobjekti_algfailid.html"> 
    <file href="piobjekti_algfailid.html"/> 
    <file href="exe_html5.js"/>
    <dependency identifierref="COMMON_FILES"/>
  </resource>
  <resource identifier="COMMON_FILES" type="webcontent" adlcp:scormtype="asset">
    <file href="config.xml"/>
    <file href="content.css"/>
    <file href="EncodeSans-Light_latin-ext.woff2"/>
    <file href="EncodeSans-Light_latin.woff2"/>
    <file href="EncodeSans-Light_vietnamese.woff2"/>
    <file href="icon_atom.png"/>
    <file href="icon_award.png"/>
    <file href="icon_beach.png"/>
    <file href="icon_bulb.png"/>
    <file href="icon_camera.png"/>
    <file href="icon_classroom.png"/>
    <file href="icon_compass.png"/>
    <file href="icon_edia.png"/>
    <file href="icon_etwinning.png"/>
    <file href="icon_exe.png"/>
    <file href="icon_footprints.png"/>
    <file href="icon_free_license.png"/>
    <file href="icon_gears.png"/>
    <file href="icon_knowledge.png"/>
    <file href="icon_list.png"/>
    <file href="icon_microphone.png"/>
    <file href="icon_network.png"/>
    <file href="icon_plus.png"/>
    <file href="icon_presentation.png"/>
    <file href="icon_puzzle.png"/>
    <file href="icon_share.png"/>
    <file href="icon_stars.png"/>
    <file href="icon_talk.png"/>
    <file href="icon_teacher_screen.png"/>
    <file href="icon_telescope.png"/>
    <file href="icon_think.png"/>
    <file href="icon_tree.png"/>
    <file href="icon_write.png"/>
    <file href="nav.css"/>
    <file href="_intef_bg.png"/>
    <file href="_intef_footer.png"/>
    <file href="_intef_header.png"/>
    <file href="_intef_icons.png"/>
    <file href="_intef_js.js"/>
    <file href="_intef_left_column.gif"/>
    <file href="_intef_licenses.gif"/>
    <file href="_intef_menu.gif"/>
    <file href="_intef_print.png"/>
    <file href="_intef_title_bg.png"/>
    <file href="base.css"/>
    <file href="popup_bg.gif"/>
    <file href="SCORM_API_wrapper.js"/>
    <file href="SCOFunctions.js"/>
    <file href="common.js"/>
    <file href="common_i18n.js"/>
    <file href="exe_jquery.js"/>
    <file href="content.xsd"/>
    <file href="content.data"/>
    <file href="contentv3.xml"/>
    <file href="imslrm.xml"/>
  </resource>
</resources>
</manifest>
