<?xml version="1.0" encoding="UTF-8"?>
<!-- Generated by eXe - http://exelearning.net -->
<manifest identifier="eXeoonissteem5fd9f20425b93663ed57" xmlns="http://www.imsproject.org/xsd/imscp_rootv1p1p2" xmlns:adlcp="http://www.adlnet.org/xsd/adlcp_rootv1p2" xmlns:imsmd="http://www.imsglobal.org/xsd/imsmd_v1p2" xmlns:xsi="http://www.w3.org/2001/XMLSchema-instance" xsi:schemaLocation="http://www.imsproject.org/xsd/imscp_rootv1p1p2 imscp_rootv1p1p2.xsd http://www.imsglobal.org/xsd/imsmd_rootv1p2p1 imsmd_rootv1p2p1.xsd http://www.adlnet.org/xsd/adlcp_rootv1p2 adlcp_rootv1p2.xsd" > 
<metadata> 
 <schema>ADL SCORM</schema> 
 <schemaversion>1.2</schemaversion> 
 <adlcp:location>imslrm.xml</adlcp:location> 
</metadata> 
<organizations default="eXeoonissteem5fd9f20425b93663ed58">  
    <organization identifier="eXeoonissteem5fd9f20425b93663ed58" structure="hierarchical">
        <title>Operatsioonisüsteem</title>
<item identifier="ITEM-eXeoonissteem5fd9f20425b93663ed59" isvisible="true" identifierref="RES-eXeoonissteem5fd9f20425b93663ed5a">
    <title>Operatsioonisüsteem</title>
<item identifier="ITEM-eXeoonissteem5fd9f20425b93663ed5b" isvisible="true" identifierref="RES-eXeoonissteem5fd9f20425b93663ed5c">
    <title>Operatsioonisüsteemi eesmärk</title>
</item>
<item identifier="ITEM-eXeoonissteem5fd9f20425b93663ee5d" isvisible="true" identifierref="RES-eXeoonissteem5fd9f20425b93663ee5e">
    <title>Operatsioonisüsteemi ülesanded</title>
</item>
<item identifier="ITEM-eXeoonissteem5fd9f20425b93663ef5f" isvisible="true" identifierref="RES-eXeoonissteem5fd9f20425b93663ef60">
    <title>Operatsioonisüsteemi ülesehitus</title>
</item>
<item identifier="ITEM-eXeoonissteem5fd9f20425b93663f061" isvisible="true" identifierref="RES-eXeoonissteem5fd9f20425b93663f062">
    <title>Levinumad operatsioonisüsteemid</title>
</item>
<item identifier="ITEM-eXeoonissteem5fd9f20425b93663f063" isvisible="true" identifierref="RES-eXeoonissteem5fd9f20425b93663f064">
    <title>32bit vs 64bit</title>
</item>
<item identifier="ITEM-eXeoonissteem5fd9f20425b93663f165" isvisible="true" identifierref="RES-eXeoonissteem5fd9f20425b93663f166">
    <title>Milline operatsioonisüsteem on kõige õigem?</title>
</item>
<item identifier="ITEM-eXeoonissteem5fd9f20425b93663f167" isvisible="true" identifierref="RES-eXeoonissteem5fd9f20425b93663f168">
    <title>Harjutused</title>
</item>
<item identifier="ITEM-eXeoonissteem5fd9f20425b93663f269" isvisible="true" identifierref="RES-eXeoonissteem5fd9f20425b93663f26a">
    <title>Allikad ja lisalugemine</title>
<item identifier="ITEM-eXeoonissteem5fd9f20425b93663f36b" isvisible="true" identifierref="RES-eXeoonissteem5fd9f20425b93663f36c">
    <title>Õpiobjekti algfailid</title>
</item>
</item>
</item>
  </organization>
</organizations>
<resources>
  <resource identifier="RES-eXeoonissteem5fd9f20425b93663ed5a" type="webcontent" adlcp:scormtype="sco" href="index.html"> 
    <file href="index.html"/> 
    <file href="exe_html5.js"/>
    <dependency identifierref="COMMON_FILES"/>
  </resource>
  <resource identifier="RES-eXeoonissteem5fd9f20425b93663ed5c" type="webcontent" adlcp:scormtype="sco" href="operatsioonissteemi_eesmrk.html"> 
    <file href="operatsioonissteemi_eesmrk.html"/> 
    <file href="exe_html5.js"/>
    <file href="whatis-how_operating_systems_work.png"/>
    <dependency identifierref="COMMON_FILES"/>
  </resource>
  <resource identifier="RES-eXeoonissteem5fd9f20425b93663ee5e" type="webcontent" adlcp:scormtype="sco" href="operatsioonissteemi_lesanded.html"> 
    <file href="operatsioonissteemi_lesanded.html"/> 
    <file href="exe_html5.js"/>
    <file href="drive-file-system.png"/>
    <file href="memory_virtualmemory.png"/>
    <dependency identifierref="COMMON_FILES"/>
  </resource>
  <resource identifier="RES-eXeoonissteem5fd9f20425b93663ef60" type="webcontent" adlcp:scormtype="sco" href="operatsioonissteemi_lesehitus.html"> 
    <file href="operatsioonissteemi_lesehitus.html"/> 
    <file href="exe_html5.js"/>
    <file href="Kernel-Vs-Operating-system.jpg"/>
    <dependency identifierref="COMMON_FILES"/>
  </resource>
  <resource identifier="RES-eXeoonissteem5fd9f20425b93663f062" type="webcontent" adlcp:scormtype="sco" href="levinumad_operatsioonissteemid.html"> 
    <file href="levinumad_operatsioonissteemid.html"/> 
    <file href="exe_html5.js"/>
    <dependency identifierref="COMMON_FILES"/>
  </resource>
  <resource identifier="RES-eXeoonissteem5fd9f20425b93663f064" type="webcontent" adlcp:scormtype="sco" href="32bit_vs_64bit.html"> 
    <file href="32bit_vs_64bit.html"/> 
    <file href="exe_html5.js"/>
    <dependency identifierref="COMMON_FILES"/>
  </resource>
  <resource identifier="RES-eXeoonissteem5fd9f20425b93663f166" type="webcontent" adlcp:scormtype="sco" href="milline_operatsioonissteem_on_kige_igem.html"> 
    <file href="milline_operatsioonissteem_on_kige_igem.html"/> 
    <file href="exe_html5.js"/>
    <dependency identifierref="COMMON_FILES"/>
  </resource>
  <resource identifier="RES-eXeoonissteem5fd9f20425b93663f168" type="webcontent" adlcp:scormtype="sco" href="harjutused.html"> 
    <file href="harjutused.html"/> 
    <file href="exe_html5.js"/>
    <dependency identifierref="COMMON_FILES"/>
  </resource>
  <resource identifier="RES-eXeoonissteem5fd9f20425b93663f26a" type="webcontent" adlcp:scormtype="sco" href="allikad_ja_lisalugemine.html"> 
    <file href="allikad_ja_lisalugemine.html"/> 
    <file href="exe_html5.js"/>
    <dependency identifierref="COMMON_FILES"/>
  </resource>
  <resource identifier="RES-eXeoonissteem5fd9f20425b93663f36c" type="webcontent" adlcp:scormtype="sco" href="piobjekti_algfailid.html"> 
    <file href="piobjekti_algfailid.html"/> 
    <file href="exe_html5.js"/>
    <dependency identifierref="COMMON_FILES"/>
  </resource>
  <resource identifier="COMMON_FILES" type="webcontent" adlcp:scormtype="asset">
    <file href="config.xml"/>
    <file href="content.css"/>
    <file href="EncodeSans-Light_latin-ext.woff2"/>
    <file href="EncodeSans-Light_latin.woff2"/>
    <file href="EncodeSans-Light_vietnamese.woff2"/>
    <file href="icon_atom.png"/>
    <file href="icon_award.png"/>
    <file href="icon_beach.png"/>
    <file href="icon_bulb.png"/>
    <file href="icon_camera.png"/>
    <file href="icon_classroom.png"/>
    <file href="icon_compass.png"/>
    <file href="icon_edia.png"/>
    <file href="icon_etwinning.png"/>
    <file href="icon_exe.png"/>
    <file href="icon_footprints.png"/>
    <file href="icon_free_license.png"/>
    <file href="icon_gears.png"/>
    <file href="icon_knowledge.png"/>
    <file href="icon_list.png"/>
    <file href="icon_microphone.png"/>
    <file href="icon_network.png"/>
    <file href="icon_plus.png"/>
    <file href="icon_presentation.png"/>
    <file href="icon_puzzle.png"/>
    <file href="icon_share.png"/>
    <file href="icon_stars.png"/>
    <file href="icon_talk.png"/>
    <file href="icon_teacher_screen.png"/>
    <file href="icon_telescope.png"/>
    <file href="icon_think.png"/>
    <file href="icon_tree.png"/>
    <file href="icon_write.png"/>
    <file href="nav.css"/>
    <file href="_intef_bg.png"/>
    <file href="_intef_footer.png"/>
    <file href="_intef_header.png"/>
    <file href="_intef_icons.png"/>
    <file href="_intef_js.js"/>
    <file href="_intef_left_column.gif"/>
    <file href="_intef_licenses.gif"/>
    <file href="_intef_menu.gif"/>
    <file href="_intef_print.png"/>
    <file href="_intef_title_bg.png"/>
    <file href="base.css"/>
    <file href="popup_bg.gif"/>
    <file href="SCORM_API_wrapper.js"/>
    <file href="SCOFunctions.js"/>
    <file href="common.js"/>
    <file href="common_i18n.js"/>
    <file href="exe_jquery.js"/>
    <file href="content.xsd"/>
    <file href="content.data"/>
    <file href="contentv3.xml"/>
    <file href="imslrm.xml"/>
  </resource>
</resources>
</manifest>
