<?xml version="1.0" encoding="UTF-8"?>
<!-- Generated by eXe - http://exelearning.net -->
<manifest identifier="eXeafikakaart5fd9f20425a79b92a651" xmlns="http://www.imsproject.org/xsd/imscp_rootv1p1p2" xmlns:adlcp="http://www.adlnet.org/xsd/adlcp_rootv1p2" xmlns:imsmd="http://www.imsglobal.org/xsd/imsmd_v1p2" xmlns:xsi="http://www.w3.org/2001/XMLSchema-instance" xsi:schemaLocation="http://www.imsproject.org/xsd/imscp_rootv1p1p2 imscp_rootv1p1p2.xsd http://www.imsglobal.org/xsd/imsmd_rootv1p2p1 imsmd_rootv1p2p1.xsd http://www.adlnet.org/xsd/adlcp_rootv1p2 adlcp_rootv1p2.xsd" > 
<metadata> 
 <schema>ADL SCORM</schema> 
 <schemaversion>1.2</schemaversion> 
 <adlcp:location>imslrm.xml</adlcp:location> 
</metadata> 
<organizations default="eXeafikakaart5fd9f20425a79b92a652">  
    <organization identifier="eXeafikakaart5fd9f20425a79b92a652" structure="hierarchical">
        <title>Graafikaart</title>
<item identifier="ITEM-eXeafikakaart5fd9f20425a79b92a653" isvisible="true" identifierref="RES-eXeafikakaart5fd9f20425a79b92a654">
    <title>Graafikakaart</title>
<item identifier="ITEM-eXeafikakaart5fd9f20425a79b92a655" isvisible="true" identifierref="RES-eXeafikakaart5fd9f20425a79b92a656">
    <title>Õpiväljundid</title>
</item>
<item identifier="ITEM-eXeafikakaart5fd9f20425a79b92a757" isvisible="true" identifierref="RES-eXeafikakaart5fd9f20425a79b92a758">
    <title>Graafikakaardi parameetrid</title>
</item>
<item identifier="ITEM-eXeafikakaart5fd9f20425a79b92a759" isvisible="true" identifierref="RES-eXeafikakaart5fd9f20425a79b92a75a">
    <title>Üleminekud</title>
</item>
<item identifier="ITEM-eXeafikakaart5fd9f20425a79b92a85b" isvisible="true" identifierref="RES-eXeafikakaart5fd9f20425a79b92a85c">
    <title>Harjutused</title>
</item>
</item>
  </organization>
</organizations>
<resources>
  <resource identifier="RES-eXeafikakaart5fd9f20425a79b92a654" type="webcontent" adlcp:scormtype="sco" href="index.html"> 
    <file href="index.html"/> 
    <file href="exe_html5.js"/>
    <dependency identifierref="COMMON_FILES"/>
  </resource>
  <resource identifier="RES-eXeafikakaart5fd9f20425a79b92a656" type="webcontent" adlcp:scormtype="sco" href="pivljundid.html"> 
    <file href="pivljundid.html"/> 
    <file href="exe_html5.js"/>
    <dependency identifierref="COMMON_FILES"/>
  </resource>
  <resource identifier="RES-eXeafikakaart5fd9f20425a79b92a758" type="webcontent" adlcp:scormtype="sco" href="graafikakaardi_parameetrid.html"> 
    <file href="graafikakaardi_parameetrid.html"/> 
    <file href="exe_html5.js"/>
    <dependency identifierref="COMMON_FILES"/>
  </resource>
  <resource identifier="RES-eXeafikakaart5fd9f20425a79b92a75a" type="webcontent" adlcp:scormtype="sco" href="leminekud.html"> 
    <file href="leminekud.html"/> 
    <file href="exe_html5.js"/>
    <dependency identifierref="COMMON_FILES"/>
  </resource>
  <resource identifier="RES-eXeafikakaart5fd9f20425a79b92a85c" type="webcontent" adlcp:scormtype="sco" href="harjutused.html"> 
    <file href="harjutused.html"/> 
    <file href="exe_html5.js"/>
    <dependency identifierref="COMMON_FILES"/>
  </resource>
  <resource identifier="COMMON_FILES" type="webcontent" adlcp:scormtype="asset">
    <file href="config.xml"/>
    <file href="content.css"/>
    <file href="EncodeSans-Light_latin-ext.woff2"/>
    <file href="EncodeSans-Light_latin.woff2"/>
    <file href="EncodeSans-Light_vietnamese.woff2"/>
    <file href="icon_atom.png"/>
    <file href="icon_award.png"/>
    <file href="icon_beach.png"/>
    <file href="icon_bulb.png"/>
    <file href="icon_camera.png"/>
    <file href="icon_classroom.png"/>
    <file href="icon_compass.png"/>
    <file href="icon_edia.png"/>
    <file href="icon_etwinning.png"/>
    <file href="icon_exe.png"/>
    <file href="icon_footprints.png"/>
    <file href="icon_free_license.png"/>
    <file href="icon_gears.png"/>
    <file href="icon_knowledge.png"/>
    <file href="icon_list.png"/>
    <file href="icon_microphone.png"/>
    <file href="icon_network.png"/>
    <file href="icon_plus.png"/>
    <file href="icon_presentation.png"/>
    <file href="icon_puzzle.png"/>
    <file href="icon_share.png"/>
    <file href="icon_stars.png"/>
    <file href="icon_talk.png"/>
    <file href="icon_teacher_screen.png"/>
    <file href="icon_telescope.png"/>
    <file href="icon_think.png"/>
    <file href="icon_tree.png"/>
    <file href="icon_write.png"/>
    <file href="nav.css"/>
    <file href="_intef_bg.png"/>
    <file href="_intef_footer.png"/>
    <file href="_intef_header.png"/>
    <file href="_intef_icons.png"/>
    <file href="_intef_js.js"/>
    <file href="_intef_left_column.gif"/>
    <file href="_intef_licenses.gif"/>
    <file href="_intef_menu.gif"/>
    <file href="_intef_print.png"/>
    <file href="_intef_title_bg.png"/>
    <file href="base.css"/>
    <file href="popup_bg.gif"/>
    <file href="SCORM_API_wrapper.js"/>
    <file href="SCOFunctions.js"/>
    <file href="common.js"/>
    <file href="common_i18n.js"/>
    <file href="exe_jquery.js"/>
    <file href="content.xsd"/>
    <file href="content.data"/>
    <file href="contentv3.xml"/>
    <file href="imslrm.xml"/>
  </resource>
</resources>
</manifest>
