<?xml version="1.0" encoding="UTF-8"?>
<!-- Generated by eXe - http://exelearning.net -->
<manifest identifier="eXedmekandjad5fd9f20425b8b369b55b" xmlns="http://www.imsproject.org/xsd/imscp_rootv1p1p2" xmlns:adlcp="http://www.adlnet.org/xsd/adlcp_rootv1p2" xmlns:imsmd="http://www.imsglobal.org/xsd/imsmd_v1p2" xmlns:xsi="http://www.w3.org/2001/XMLSchema-instance" xsi:schemaLocation="http://www.imsproject.org/xsd/imscp_rootv1p1p2 imscp_rootv1p1p2.xsd http://www.imsglobal.org/xsd/imsmd_rootv1p2p1 imsmd_rootv1p2p1.xsd http://www.adlnet.org/xsd/adlcp_rootv1p2 adlcp_rootv1p2.xsd" > 
<metadata> 
 <schema>ADL SCORM</schema> 
 <schemaversion>1.2</schemaversion> 
 <adlcp:location>imslrm.xml</adlcp:location> 
</metadata> 
<organizations default="eXedmekandjad5fd9f20425b8b369b55c">  
    <organization identifier="eXedmekandjad5fd9f20425b8b369b55c" structure="hierarchical">
        <title>Andmekandjad</title>
<item identifier="ITEM-eXedmekandjad5fd9f20425b8b369b55d" isvisible="true" identifierref="RES-eXedmekandjad5fd9f20425b8b369b55e">
    <title>Andmekandjad</title>
<item identifier="ITEM-eXedmekandjad5fd9f20425b8b369b55f" isvisible="true" identifierref="RES-eXedmekandjad5fd9f20425b8b369b560">
    <title>Andmekandjate olulisemad parameetrid</title>
</item>
<item identifier="ITEM-eXedmekandjad5fd9f20425b8b369b661" isvisible="true" identifierref="RES-eXedmekandjad5fd9f20425b8b369b662">
    <title>Sisemised andmekandjad</title>
</item>
<item identifier="ITEM-eXedmekandjad5fd9f20425b8b369b863" isvisible="true" identifierref="RES-eXedmekandjad5fd9f20425b8b369b864">
    <title>Välised andmekandjad</title>
</item>
<item identifier="ITEM-eXedmekandjad5fd9f20425b8b369b965" isvisible="true" identifierref="RES-eXedmekandjad5fd9f20425b8b369b966">
    <title>Fragmenteerumine</title>
</item>
<item identifier="ITEM-eXedmekandjad5fd9f20425b8b369b967" isvisible="true" identifierref="RES-eXedmekandjad5fd9f20425b8b369b968">
    <title>Harjutused</title>
</item>
<item identifier="ITEM-eXedmekandjad5fd9f20425b8b369ba69" isvisible="true" identifierref="RES-eXedmekandjad5fd9f20425b8b369ba6a">
    <title>Allikad ja lisalugemine</title>
<item identifier="ITEM-eXedmekandjad5fd9f20425b8b369bb6b" isvisible="true" identifierref="RES-eXedmekandjad5fd9f20425b8b369bb6c">
    <title>Õpiobjekti algfailid</title>
</item>
</item>
</item>
  </organization>
</organizations>
<resources>
  <resource identifier="RES-eXedmekandjad5fd9f20425b8b369b55e" type="webcontent" adlcp:scormtype="sco" href="index.html"> 
    <file href="index.html"/> 
    <file href="exe_html5.js"/>
    <file href="SATA_3,5_tolline_kovaketas_Taimo_Tammiku_foto.jpg"/>
    <dependency identifierref="COMMON_FILES"/>
  </resource>
  <resource identifier="RES-eXedmekandjad5fd9f20425b8b369b560" type="webcontent" adlcp:scormtype="sco" href="andmekandjate_olulisemad_parameetrid.html"> 
    <file href="andmekandjate_olulisemad_parameetrid.html"/> 
    <file href="exe_html5.js"/>
    <dependency identifierref="COMMON_FILES"/>
  </resource>
  <resource identifier="RES-eXedmekandjad5fd9f20425b8b369b662" type="webcontent" adlcp:scormtype="sco" href="sisemised_andmekandjad.html"> 
    <file href="sisemised_andmekandjad.html"/> 
    <file href="exe_html5.js"/>
    <file href="SIO_RAIDCompare2.png"/>
    <file href="PATA_kaabel_Taimo_Tammiku_foto.jpg"/>
    <file href="M.2_connector_on_a_computer_motherboard.jpg"/>
    <file href="RAID_kettamassiiv.jpg"/>
    <file href="carte_mre_port_ide.jpg"/>
    <file href="SATA_kaabel_Taimo_Tammiku_foto.jpg"/>
    <file href="Asus_P8H61-MX_USB3_-_4_SATA3G_connectors-6521.jpg"/>
    <dependency identifierref="COMMON_FILES"/>
  </resource>
  <resource identifier="RES-eXedmekandjad5fd9f20425b8b369b864" type="webcontent" adlcp:scormtype="sco" href="vlised_andmekandjad.html"> 
    <file href="vlised_andmekandjad.html"/> 
    <file href="exe_html5.js"/>
    <file href="floppy_seade.jpg"/>
    <file href="Sisemine_DVD.jpg"/>
    <file href="DVD-seade_lahtine.jpg"/>
    <dependency identifierref="COMMON_FILES"/>
  </resource>
  <resource identifier="RES-eXedmekandjad5fd9f20425b8b369b966" type="webcontent" adlcp:scormtype="sco" href="fragmenteerumine.html"> 
    <file href="fragmenteerumine.html"/> 
    <file href="exe_html5.js"/>
    <file href="defragmenteeritud_sebra.jpg"/>
    <dependency identifierref="COMMON_FILES"/>
  </resource>
  <resource identifier="RES-eXedmekandjad5fd9f20425b8b369b968" type="webcontent" adlcp:scormtype="sco" href="harjutused.html"> 
    <file href="harjutused.html"/> 
    <file href="exe_html5.js"/>
    <dependency identifierref="COMMON_FILES"/>
  </resource>
  <resource identifier="RES-eXedmekandjad5fd9f20425b8b369ba6a" type="webcontent" adlcp:scormtype="sco" href="allikad_ja_lisalugemine.html"> 
    <file href="allikad_ja_lisalugemine.html"/> 
    <file href="exe_html5.js"/>
    <dependency identifierref="COMMON_FILES"/>
  </resource>
  <resource identifier="RES-eXedmekandjad5fd9f20425b8b369bb6c" type="webcontent" adlcp:scormtype="sco" href="piobjekti_algfailid.html"> 
    <file href="piobjekti_algfailid.html"/> 
    <file href="exe_html5.js"/>
    <dependency identifierref="COMMON_FILES"/>
  </resource>
  <resource identifier="COMMON_FILES" type="webcontent" adlcp:scormtype="asset">
    <file href="config.xml"/>
    <file href="content.css"/>
    <file href="EncodeSans-Light_latin-ext.woff2"/>
    <file href="EncodeSans-Light_latin.woff2"/>
    <file href="EncodeSans-Light_vietnamese.woff2"/>
    <file href="icon_atom.png"/>
    <file href="icon_award.png"/>
    <file href="icon_beach.png"/>
    <file href="icon_bulb.png"/>
    <file href="icon_camera.png"/>
    <file href="icon_classroom.png"/>
    <file href="icon_compass.png"/>
    <file href="icon_edia.png"/>
    <file href="icon_etwinning.png"/>
    <file href="icon_exe.png"/>
    <file href="icon_footprints.png"/>
    <file href="icon_free_license.png"/>
    <file href="icon_gears.png"/>
    <file href="icon_knowledge.png"/>
    <file href="icon_list.png"/>
    <file href="icon_microphone.png"/>
    <file href="icon_network.png"/>
    <file href="icon_plus.png"/>
    <file href="icon_presentation.png"/>
    <file href="icon_puzzle.png"/>
    <file href="icon_share.png"/>
    <file href="icon_stars.png"/>
    <file href="icon_talk.png"/>
    <file href="icon_teacher_screen.png"/>
    <file href="icon_telescope.png"/>
    <file href="icon_think.png"/>
    <file href="icon_tree.png"/>
    <file href="icon_write.png"/>
    <file href="nav.css"/>
    <file href="_intef_bg.png"/>
    <file href="_intef_footer.png"/>
    <file href="_intef_header.png"/>
    <file href="_intef_icons.png"/>
    <file href="_intef_js.js"/>
    <file href="_intef_left_column.gif"/>
    <file href="_intef_licenses.gif"/>
    <file href="_intef_menu.gif"/>
    <file href="_intef_print.png"/>
    <file href="_intef_title_bg.png"/>
    <file href="base.css"/>
    <file href="popup_bg.gif"/>
    <file href="SCORM_API_wrapper.js"/>
    <file href="SCOFunctions.js"/>
    <file href="common.js"/>
    <file href="common_i18n.js"/>
    <file href="exe_jquery.js"/>
    <file href="content.xsd"/>
    <file href="content.data"/>
    <file href="contentv3.xml"/>
    <file href="imslrm.xml"/>
  </resource>
</resources>
</manifest>
