<?xml version="1.0" encoding="UTF-8"?>
<!-- Generated by eXe - http://exelearning.net -->
<manifest identifier="eXeprotsessor5fd9f20425a9acc16d1" xmlns="http://www.imsproject.org/xsd/imscp_rootv1p1p2" xmlns:adlcp="http://www.adlnet.org/xsd/adlcp_rootv1p2" xmlns:imsmd="http://www.imsglobal.org/xsd/imsmd_v1p2" xmlns:xsi="http://www.w3.org/2001/XMLSchema-instance" xsi:schemaLocation="http://www.imsproject.org/xsd/imscp_rootv1p1p2 imscp_rootv1p1p2.xsd http://www.imsglobal.org/xsd/imsmd_rootv1p2p1 imsmd_rootv1p2p1.xsd http://www.adlnet.org/xsd/adlcp_rootv1p2 adlcp_rootv1p2.xsd" > 
<metadata> 
 <schema>ADL SCORM</schema> 
 <schemaversion>1.2</schemaversion> 
 <adlcp:location>imslrm.xml</adlcp:location> 
</metadata> 
<organizations default="eXeprotsessor5fd9f20425a9acc16d2">  
    <organization identifier="eXeprotsessor5fd9f20425a9acc16d2" structure="hierarchical">
        <title>Protsessorid</title>
<item identifier="ITEM-eXeprotsessor5fd9f20425a9acc16d3" isvisible="true" identifierref="RES-eXeprotsessor5fd9f20425a9acc16d4">
    <title>Protsessor</title>
<item identifier="ITEM-eXeprotsessor5fd9f20425a9acc16e5" isvisible="true" identifierref="RES-eXeprotsessor5fd9f20425a9acc16e6">
    <title>Protsessorite peamised parameetrid</title>
</item>
<item identifier="ITEM-eXeprotsessor5fd9f20425a9acc16f7" isvisible="true" identifierref="RES-eXeprotsessor5fd9f20425a9acc16f8">
    <title>Moore'i seadus</title>
</item>
<item identifier="ITEM-eXeprotsessor5fd9f20425a9acc16f9" isvisible="true" identifierref="RES-eXeprotsessor5fd9f20425a9acc16fa">
    <title>Protsessorite jahutused</title>
</item>
<item identifier="ITEM-eXeprotsessor5fd9f20425a9acc171b" isvisible="true" identifierref="RES-eXeprotsessor5fd9f20425a9acc171c">
    <title>Harjutused</title>
</item>
<item identifier="ITEM-eXeprotsessor5fd9f20425a9acc172d" isvisible="true" identifierref="RES-eXeprotsessor5fd9f20425a9acc172e">
    <title>Allikad ja lisalugemine</title>
</item>
</item>
  </organization>
</organizations>
<resources>
  <resource identifier="RES-eXeprotsessor5fd9f20425a9acc16d4" type="webcontent" adlcp:scormtype="sco" href="index.html"> 
    <file href="index.html"/> 
    <file href="exe_html5.js"/>
    <dependency identifierref="COMMON_FILES"/>
  </resource>
  <resource identifier="RES-eXeprotsessor5fd9f20425a9acc16e6" type="webcontent" adlcp:scormtype="sco" href="protsessorite_peamised_parameetrid.html"> 
    <file href="protsessorite_peamised_parameetrid.html"/> 
    <file href="exe_html5.js"/>
    <dependency identifierref="COMMON_FILES"/>
  </resource>
  <resource identifier="RES-eXeprotsessor5fd9f20425a9acc16f8" type="webcontent" adlcp:scormtype="sco" href="moorei_seadus.html"> 
    <file href="moorei_seadus.html"/> 
    <file href="exe_html5.js"/>
    <dependency identifierref="COMMON_FILES"/>
  </resource>
  <resource identifier="RES-eXeprotsessor5fd9f20425a9acc16fa" type="webcontent" adlcp:scormtype="sco" href="protsessorite_jahutused.html"> 
    <file href="protsessorite_jahutused.html"/> 
    <file href="exe_html5.js"/>
    <dependency identifierref="COMMON_FILES"/>
  </resource>
  <resource identifier="RES-eXeprotsessor5fd9f20425a9acc171c" type="webcontent" adlcp:scormtype="sco" href="harjutused.html"> 
    <file href="harjutused.html"/> 
    <file href="exe_html5.js"/>
    <dependency identifierref="COMMON_FILES"/>
  </resource>
  <resource identifier="RES-eXeprotsessor5fd9f20425a9acc172e" type="webcontent" adlcp:scormtype="sco" href="allikad_ja_lisalugemine.html"> 
    <file href="allikad_ja_lisalugemine.html"/> 
    <file href="exe_html5.js"/>
    <dependency identifierref="COMMON_FILES"/>
  </resource>
  <resource identifier="COMMON_FILES" type="webcontent" adlcp:scormtype="asset">
    <file href="config.xml"/>
    <file href="content.css"/>
    <file href="EncodeSans-Light_latin-ext.woff2"/>
    <file href="EncodeSans-Light_latin.woff2"/>
    <file href="EncodeSans-Light_vietnamese.woff2"/>
    <file href="icon_atom.png"/>
    <file href="icon_award.png"/>
    <file href="icon_beach.png"/>
    <file href="icon_bulb.png"/>
    <file href="icon_camera.png"/>
    <file href="icon_classroom.png"/>
    <file href="icon_compass.png"/>
    <file href="icon_edia.png"/>
    <file href="icon_etwinning.png"/>
    <file href="icon_exe.png"/>
    <file href="icon_footprints.png"/>
    <file href="icon_free_license.png"/>
    <file href="icon_gears.png"/>
    <file href="icon_knowledge.png"/>
    <file href="icon_list.png"/>
    <file href="icon_microphone.png"/>
    <file href="icon_network.png"/>
    <file href="icon_plus.png"/>
    <file href="icon_presentation.png"/>
    <file href="icon_puzzle.png"/>
    <file href="icon_share.png"/>
    <file href="icon_stars.png"/>
    <file href="icon_talk.png"/>
    <file href="icon_teacher_screen.png"/>
    <file href="icon_telescope.png"/>
    <file href="icon_think.png"/>
    <file href="icon_tree.png"/>
    <file href="icon_write.png"/>
    <file href="nav.css"/>
    <file href="_intef_bg.png"/>
    <file href="_intef_footer.png"/>
    <file href="_intef_header.png"/>
    <file href="_intef_icons.png"/>
    <file href="_intef_js.js"/>
    <file href="_intef_left_column.gif"/>
    <file href="_intef_licenses.gif"/>
    <file href="_intef_menu.gif"/>
    <file href="_intef_print.png"/>
    <file href="_intef_title_bg.png"/>
    <file href="base.css"/>
    <file href="popup_bg.gif"/>
    <file href="SCORM_API_wrapper.js"/>
    <file href="SCOFunctions.js"/>
    <file href="common.js"/>
    <file href="common_i18n.js"/>
    <file href="exe_jquery.js"/>
    <file href="content.xsd"/>
    <file href="content.data"/>
    <file href="contentv3.xml"/>
    <file href="imslrm.xml"/>
  </resource>
</resources>
</manifest>
