<?xml version="1.0" encoding="UTF-8"?>
<!-- Generated by eXe - http://exelearning.net -->
<manifest identifier="eXearvuti5fd9f20425b89f6e061" xmlns="http://www.imsproject.org/xsd/imscp_rootv1p1p2" xmlns:adlcp="http://www.adlnet.org/xsd/adlcp_rootv1p2" xmlns:imsmd="http://www.imsglobal.org/xsd/imsmd_v1p2" xmlns:xsi="http://www.w3.org/2001/XMLSchema-instance" xsi:schemaLocation="http://www.imsproject.org/xsd/imscp_rootv1p1p2 imscp_rootv1p1p2.xsd http://www.imsglobal.org/xsd/imsmd_rootv1p2p1 imsmd_rootv1p2p1.xsd http://www.adlnet.org/xsd/adlcp_rootv1p2 adlcp_rootv1p2.xsd" > 
<metadata> 
 <schema>ADL SCORM</schema> 
 <schemaversion>1.2</schemaversion> 
 <adlcp:location>imslrm.xml</adlcp:location> 
</metadata> 
<organizations default="eXearvuti5fd9f20425b89f6e062">  
    <organization identifier="eXearvuti5fd9f20425b89f6e062" structure="hierarchical">
        <title>Arvuti</title>
<item identifier="ITEM-eXearvuti5fd9f20425b89f6e063" isvisible="true" identifierref="RES-eXearvuti5fd9f20425b89f6e064">
    <title>Arvuti</title>
<item identifier="ITEM-eXearvuti5fd9f20425b89f6e065" isvisible="true" identifierref="RES-eXearvuti5fd9f20425b89f6e066">
    <title>Mis on arvuti?</title>
</item>
<item identifier="ITEM-eXearvuti5fd9f20425b89f6e077" isvisible="true" identifierref="RES-eXearvuti5fd9f20425b89f6e078">
    <title>Millised komponendid on arvuti tööks hädavajalikud?</title>
</item>
<item identifier="ITEM-eXearvuti5fd9f20425b89f6e089" isvisible="true" identifierref="RES-eXearvuti5fd9f20425b89f6e08a">
    <title>Harjutused</title>
</item>
<item identifier="ITEM-eXearvuti5fd9f20425b89f6e09b" isvisible="true" identifierref="RES-eXearvuti5fd9f20425b89f6e09c">
    <title>Allikad ja lisalugemine</title>
<item identifier="ITEM-eXearvuti5fd9f20425b89f6e09d" isvisible="true" identifierref="RES-eXearvuti5fd9f20425b89f6e09e">
    <title>Õpiobjekti algfailid</title>
</item>
</item>
</item>
  </organization>
</organizations>
<resources>
  <resource identifier="RES-eXearvuti5fd9f20425b89f6e064" type="webcontent" adlcp:scormtype="sco" href="index.html"> 
    <file href="index.html"/> 
    <file href="exe_html5.js"/>
    <dependency identifierref="COMMON_FILES"/>
  </resource>
  <resource identifier="RES-eXearvuti5fd9f20425b89f6e066" type="webcontent" adlcp:scormtype="sco" href="mis_on_arvuti.html"> 
    <file href="mis_on_arvuti.html"/> 
    <file href="exe_html5.js"/>
    <dependency identifierref="COMMON_FILES"/>
  </resource>
  <resource identifier="RES-eXearvuti5fd9f20425b89f6e078" type="webcontent" adlcp:scormtype="sco" href="millised_komponendid_on_arvuti_tks_hdavajalikud.html"> 
    <file href="millised_komponendid_on_arvuti_tks_hdavajalikud.html"/> 
    <file href="exe_html5.js"/>
    <file href="ATX_toiteplokk_1_Taimo_Tammiku_foto.jpg"/>
    <file href="DDR3_malu_Martti_Raaveli_foto.jpg"/>
    <file href="Emaplaat_horisontaalne_Taimo_Tammiku_foto.jpg"/>
    <file href="Protsessor_Martti_Raaveli_foto.jpg"/>
    <file href="SATA_3,5_tolline_kovaketas_Taimo_Tammiku_foto.jpg"/>
    <dependency identifierref="COMMON_FILES"/>
  </resource>
  <resource identifier="RES-eXearvuti5fd9f20425b89f6e08a" type="webcontent" adlcp:scormtype="sco" href="harjutused.html"> 
    <file href="harjutused.html"/> 
    <file href="exe_html5.js"/>
    <dependency identifierref="COMMON_FILES"/>
  </resource>
  <resource identifier="RES-eXearvuti5fd9f20425b89f6e09c" type="webcontent" adlcp:scormtype="sco" href="allikad_ja_lisalugemine.html"> 
    <file href="allikad_ja_lisalugemine.html"/> 
    <file href="exe_html5.js"/>
    <dependency identifierref="COMMON_FILES"/>
  </resource>
  <resource identifier="RES-eXearvuti5fd9f20425b89f6e09e" type="webcontent" adlcp:scormtype="sco" href="piobjekti_algfailid.html"> 
    <file href="piobjekti_algfailid.html"/> 
    <file href="exe_html5.js"/>
    <dependency identifierref="COMMON_FILES"/>
  </resource>
  <resource identifier="COMMON_FILES" type="webcontent" adlcp:scormtype="asset">
    <file href="config.xml"/>
    <file href="content.css"/>
    <file href="EncodeSans-Light_latin-ext.woff2"/>
    <file href="EncodeSans-Light_latin.woff2"/>
    <file href="EncodeSans-Light_vietnamese.woff2"/>
    <file href="icon_atom.png"/>
    <file href="icon_award.png"/>
    <file href="icon_beach.png"/>
    <file href="icon_bulb.png"/>
    <file href="icon_camera.png"/>
    <file href="icon_classroom.png"/>
    <file href="icon_compass.png"/>
    <file href="icon_edia.png"/>
    <file href="icon_etwinning.png"/>
    <file href="icon_exe.png"/>
    <file href="icon_footprints.png"/>
    <file href="icon_free_license.png"/>
    <file href="icon_gears.png"/>
    <file href="icon_knowledge.png"/>
    <file href="icon_list.png"/>
    <file href="icon_microphone.png"/>
    <file href="icon_network.png"/>
    <file href="icon_plus.png"/>
    <file href="icon_presentation.png"/>
    <file href="icon_puzzle.png"/>
    <file href="icon_share.png"/>
    <file href="icon_stars.png"/>
    <file href="icon_talk.png"/>
    <file href="icon_teacher_screen.png"/>
    <file href="icon_telescope.png"/>
    <file href="icon_think.png"/>
    <file href="icon_tree.png"/>
    <file href="icon_write.png"/>
    <file href="nav.css"/>
    <file href="_intef_bg.png"/>
    <file href="_intef_footer.png"/>
    <file href="_intef_header.png"/>
    <file href="_intef_icons.png"/>
    <file href="_intef_js.js"/>
    <file href="_intef_left_column.gif"/>
    <file href="_intef_licenses.gif"/>
    <file href="_intef_menu.gif"/>
    <file href="_intef_print.png"/>
    <file href="_intef_title_bg.png"/>
    <file href="base.css"/>
    <file href="popup_bg.gif"/>
    <file href="SCORM_API_wrapper.js"/>
    <file href="SCOFunctions.js"/>
    <file href="common.js"/>
    <file href="common_i18n.js"/>
    <file href="exe_jquery.js"/>
    <file href="content.xsd"/>
    <file href="content.data"/>
    <file href="contentv3.xml"/>
    <file href="imslrm.xml"/>
  </resource>
</resources>
</manifest>
