<?xml version="1.0" encoding="UTF-8"?>
<!-- Generated by eXe - http://exelearning.net -->
<manifest identifier="eXemalu5fd9f20425b8ab071b39" xmlns="http://www.imsproject.org/xsd/imscp_rootv1p1p2" xmlns:adlcp="http://www.adlnet.org/xsd/adlcp_rootv1p2" xmlns:imsmd="http://www.imsglobal.org/xsd/imsmd_v1p2" xmlns:xsi="http://www.w3.org/2001/XMLSchema-instance" xsi:schemaLocation="http://www.imsproject.org/xsd/imscp_rootv1p1p2 imscp_rootv1p1p2.xsd http://www.imsglobal.org/xsd/imsmd_rootv1p2p1 imsmd_rootv1p2p1.xsd http://www.adlnet.org/xsd/adlcp_rootv1p2 adlcp_rootv1p2.xsd" > 
<metadata> 
 <schema>ADL SCORM</schema> 
 <schemaversion>1.2</schemaversion> 
 <adlcp:location>imslrm.xml</adlcp:location> 
</metadata> 
<organizations default="eXemalu5fd9f20425b8ab071b3a">  
    <organization identifier="eXemalu5fd9f20425b8ab071b3a" structure="hierarchical">
        <title>Mälu</title>
<item identifier="ITEM-eXemalu5fd9f20425b8ab071b3b" isvisible="true" identifierref="RES-eXemalu5fd9f20425b8ab071b3c">
    <title>Operatiivmälu</title>
<item identifier="ITEM-eXemalu5fd9f20425b8ab071b3d" isvisible="true" identifierref="RES-eXemalu5fd9f20425b8ab071b3e">
    <title>Mälude tüübid</title>
</item>
<item identifier="ITEM-eXemalu5fd9f20425b8ab071c3f" isvisible="true" identifierref="RES-eXemalu5fd9f20425b8ab071c40">
    <title>Mälude parameetrid</title>
</item>
<item identifier="ITEM-eXemalu5fd9f20425b8ab071d41" isvisible="true" identifierref="RES-eXemalu5fd9f20425b8ab071d42">
    <title>Virtuaalmälu</title>
</item>
<item identifier="ITEM-eXemalu5fd9f20425b8ab071d43" isvisible="true" identifierref="RES-eXemalu5fd9f20425b8ab071d44">
    <title>Harjutused</title>
</item>
<item identifier="ITEM-eXemalu5fd9f20425b8ab071e45" isvisible="true" identifierref="RES-eXemalu5fd9f20425b8ab071e46">
    <title>Allikad ja lisalugemine</title>
<item identifier="ITEM-eXemalu5fd9f20425b8ab071e47" isvisible="true" identifierref="RES-eXemalu5fd9f20425b8ab071e48">
    <title>Õpiobjekti algfailid</title>
</item>
</item>
</item>
  </organization>
</organizations>
<resources>
  <resource identifier="RES-eXemalu5fd9f20425b8ab071b3c" type="webcontent" adlcp:scormtype="sco" href="index.html"> 
    <file href="index.html"/> 
    <file href="exe_html5.js"/>
    <file href="Tuupilised_malud.jpg"/>
    <dependency identifierref="COMMON_FILES"/>
  </resource>
  <resource identifier="RES-eXemalu5fd9f20425b8ab071b3e" type="webcontent" adlcp:scormtype="sco" href="mlude_tbid.html"> 
    <file href="mlude_tbid.html"/> 
    <file href="exe_html5.js"/>
    <dependency identifierref="COMMON_FILES"/>
  </resource>
  <resource identifier="RES-eXemalu5fd9f20425b8ab071c40" type="webcontent" adlcp:scormtype="sco" href="mlude_parameetrid.html"> 
    <file href="mlude_parameetrid.html"/> 
    <file href="exe_html5.js"/>
    <file href="Sulearvuti_malud.jpg"/>
    <file href="Lauaarvuti_malud.jpg"/>
    <dependency identifierref="COMMON_FILES"/>
  </resource>
  <resource identifier="RES-eXemalu5fd9f20425b8ab071d42" type="webcontent" adlcp:scormtype="sco" href="virtuaalmlu.html"> 
    <file href="virtuaalmlu.html"/> 
    <file href="exe_html5.js"/>
    <dependency identifierref="COMMON_FILES"/>
  </resource>
  <resource identifier="RES-eXemalu5fd9f20425b8ab071d44" type="webcontent" adlcp:scormtype="sco" href="harjutused.html"> 
    <file href="harjutused.html"/> 
    <file href="exe_html5.js"/>
    <dependency identifierref="COMMON_FILES"/>
  </resource>
  <resource identifier="RES-eXemalu5fd9f20425b8ab071e46" type="webcontent" adlcp:scormtype="sco" href="allikad_ja_lisalugemine.html"> 
    <file href="allikad_ja_lisalugemine.html"/> 
    <file href="exe_html5.js"/>
    <dependency identifierref="COMMON_FILES"/>
  </resource>
  <resource identifier="RES-eXemalu5fd9f20425b8ab071e48" type="webcontent" adlcp:scormtype="sco" href="piobjekti_algfailid.html"> 
    <file href="piobjekti_algfailid.html"/> 
    <file href="exe_html5.js"/>
    <dependency identifierref="COMMON_FILES"/>
  </resource>
  <resource identifier="COMMON_FILES" type="webcontent" adlcp:scormtype="asset">
    <file href="config.xml"/>
    <file href="content.css"/>
    <file href="EncodeSans-Light_latin-ext.woff2"/>
    <file href="EncodeSans-Light_latin.woff2"/>
    <file href="EncodeSans-Light_vietnamese.woff2"/>
    <file href="icon_atom.png"/>
    <file href="icon_award.png"/>
    <file href="icon_beach.png"/>
    <file href="icon_bulb.png"/>
    <file href="icon_camera.png"/>
    <file href="icon_classroom.png"/>
    <file href="icon_compass.png"/>
    <file href="icon_edia.png"/>
    <file href="icon_etwinning.png"/>
    <file href="icon_exe.png"/>
    <file href="icon_footprints.png"/>
    <file href="icon_free_license.png"/>
    <file href="icon_gears.png"/>
    <file href="icon_knowledge.png"/>
    <file href="icon_list.png"/>
    <file href="icon_microphone.png"/>
    <file href="icon_network.png"/>
    <file href="icon_plus.png"/>
    <file href="icon_presentation.png"/>
    <file href="icon_puzzle.png"/>
    <file href="icon_share.png"/>
    <file href="icon_stars.png"/>
    <file href="icon_talk.png"/>
    <file href="icon_teacher_screen.png"/>
    <file href="icon_telescope.png"/>
    <file href="icon_think.png"/>
    <file href="icon_tree.png"/>
    <file href="icon_write.png"/>
    <file href="nav.css"/>
    <file href="_intef_bg.png"/>
    <file href="_intef_footer.png"/>
    <file href="_intef_header.png"/>
    <file href="_intef_icons.png"/>
    <file href="_intef_js.js"/>
    <file href="_intef_left_column.gif"/>
    <file href="_intef_licenses.gif"/>
    <file href="_intef_menu.gif"/>
    <file href="_intef_print.png"/>
    <file href="_intef_title_bg.png"/>
    <file href="base.css"/>
    <file href="popup_bg.gif"/>
    <file href="SCORM_API_wrapper.js"/>
    <file href="SCOFunctions.js"/>
    <file href="common.js"/>
    <file href="common_i18n.js"/>
    <file href="exe_jquery.js"/>
    <file href="content.xsd"/>
    <file href="content.data"/>
    <file href="contentv3.xml"/>
    <file href="imslrm.xml"/>
  </resource>
</resources>
</manifest>
