<?xml version="1.0" encoding="UTF-8"?>
<!-- Generated by eXe - http://exelearning.net -->
<manifest identifier="eXeemaplaat5fd9f20425b8a509a5f" xmlns="http://www.imsproject.org/xsd/imscp_rootv1p1p2" xmlns:adlcp="http://www.adlnet.org/xsd/adlcp_rootv1p2" xmlns:imsmd="http://www.imsglobal.org/xsd/imsmd_v1p2" xmlns:xsi="http://www.w3.org/2001/XMLSchema-instance" xsi:schemaLocation="http://www.imsproject.org/xsd/imscp_rootv1p1p2 imscp_rootv1p1p2.xsd http://www.imsglobal.org/xsd/imsmd_rootv1p2p1 imsmd_rootv1p2p1.xsd http://www.adlnet.org/xsd/adlcp_rootv1p2 adlcp_rootv1p2.xsd" > 
<metadata> 
 <schema>ADL SCORM</schema> 
 <schemaversion>1.2</schemaversion> 
 <adlcp:location>imslrm.xml</adlcp:location> 
</metadata> 
<organizations default="eXeemaplaat5fd9f20425b8a509a510">  
    <organization identifier="eXeemaplaat5fd9f20425b8a509a510" structure="hierarchical">
        <title>Arvutite emaplaadid</title>
<item identifier="ITEM-eXeemaplaat5fd9f20425b8a509a511" isvisible="true" identifierref="RES-eXeemaplaat5fd9f20425b8a509a512">
    <title>Emaplaat</title>
<item identifier="ITEM-eXeemaplaat5fd9f20425b8a509a613" isvisible="true" identifierref="RES-eXeemaplaat5fd9f20425b8a509a614">
    <title>Emaplaadi olulisemad parameetrid</title>
<item identifier="ITEM-eXeemaplaat5fd9f20425b8a509a615" isvisible="true" identifierref="RES-eXeemaplaat5fd9f20425b8a509a616">
    <title>Suurus (Form Factor)</title>
</item>
<item identifier="ITEM-eXeemaplaat5fd9f20425b8a509a617" isvisible="true" identifierref="RES-eXeemaplaat5fd9f20425b8a509a618">
    <title>Protsessori pesa (Socket)</title>
</item>
<item identifier="ITEM-eXeemaplaat5fd9f20425b8a509a719" isvisible="true" identifierref="RES-eXeemaplaat5fd9f20425b8a509a71a">
    <title>Kiibistik</title>
</item>
<item identifier="ITEM-eXeemaplaat5fd9f20425b8a509a71b" isvisible="true" identifierref="RES-eXeemaplaat5fd9f20425b8a509a71c">
    <title>BIOS/UEFI</title>
</item>
<item identifier="ITEM-eXeemaplaat5fd9f20425b8a509a81d" isvisible="true" identifierref="RES-eXeemaplaat5fd9f20425b8a509a81e">
    <title>Pesad (Slots)</title>
</item>
<item identifier="ITEM-eXeemaplaat5fd9f20425b8a509a81f" isvisible="true" identifierref="RES-eXeemaplaat5fd9f20425b8a509a820">
    <title>Muud ühendused (Connectors)</title>
</item>
<item identifier="ITEM-eXeemaplaat5fd9f20425b8a509a821" isvisible="true" identifierref="RES-eXeemaplaat5fd9f20425b8a509a822">
    <title>Väliste seadmete ühendused</title>
</item>
</item>
<item identifier="ITEM-eXeemaplaat5fd9f20425b8a509a823" isvisible="true" identifierref="RES-eXeemaplaat5fd9f20425b8a509a824">
    <title>Harjutused</title>
</item>
<item identifier="ITEM-eXeemaplaat5fd9f20425b8a509a925" isvisible="true" identifierref="RES-eXeemaplaat5fd9f20425b8a509a926">
    <title>Allikad ja lisalugemine</title>
<item identifier="ITEM-eXeemaplaat5fd9f20425b8a509aa27" isvisible="true" identifierref="RES-eXeemaplaat5fd9f20425b8a509aa28">
    <title>Õpiobjekti algfailid</title>
</item>
</item>
</item>
  </organization>
</organizations>
<resources>
  <resource identifier="RES-eXeemaplaat5fd9f20425b8a509a512" type="webcontent" adlcp:scormtype="sco" href="index.html"> 
    <file href="index.html"/> 
    <file href="exe_html5.js"/>
    <file href="Emaplaat_horisontaalne_Taimo_Tammiku_foto.jpg"/>
    <dependency identifierref="COMMON_FILES"/>
  </resource>
  <resource identifier="RES-eXeemaplaat5fd9f20425b8a509a614" type="webcontent" adlcp:scormtype="sco" href="emaplaadi_olulisemad_parameetrid.html"> 
    <file href="emaplaadi_olulisemad_parameetrid.html"/> 
    <file href="exe_html5.js"/>
    <dependency identifierref="COMMON_FILES"/>
  </resource>
  <resource identifier="RES-eXeemaplaat5fd9f20425b8a509a616" type="webcontent" adlcp:scormtype="sco" href="suurus_form_factor.html"> 
    <file href="suurus_form_factor.html"/> 
    <file href="exe_html5.js"/>
    <file href="VIA_Mini-ITX_Form_Factor_Comparison.jpg"/>
    <dependency identifierref="COMMON_FILES"/>
  </resource>
  <resource identifier="RES-eXeemaplaat5fd9f20425b8a509a618" type="webcontent" adlcp:scormtype="sco" href="protsessori_pesa_socket.html"> 
    <file href="protsessori_pesa_socket.html"/> 
    <file href="exe_html5.js"/>
    <file href="Protsessori_pesa_emaplaadil.png"/>
    <file href="CPU_Socket_LGA775(T).JPG"/>
    <file href="AMD_AM3_CPU_Socket-top_oblique_PNr0380.jpg"/>
    <dependency identifierref="COMMON_FILES"/>
  </resource>
  <resource identifier="RES-eXeemaplaat5fd9f20425b8a509a71a" type="webcontent" adlcp:scormtype="sco" href="kiibistik.html"> 
    <file href="kiibistik.html"/> 
    <file href="exe_html5.js"/>
    <file href="Lounasild_emaplaadil.png"/>
    <file href="Inteli-kiibistik.jpg"/>
    <file href="VIA_kiibistik.jpg"/>
    <dependency identifierref="COMMON_FILES"/>
  </resource>
  <resource identifier="RES-eXeemaplaat5fd9f20425b8a509a71c" type="webcontent" adlcp:scormtype="sco" href="biosuefi.html"> 
    <file href="biosuefi.html"/> 
    <file href="exe_html5.js"/>
    <file href="UEFI_img_5913822742ef4.jpg.pagespeed.ce.iUHhZCZFai.jpg"/>
    <file href="BIOS.png.pagespeed.ce.GG6xXEfIEN.png"/>
    <dependency identifierref="COMMON_FILES"/>
  </resource>
  <resource identifier="RES-eXeemaplaat5fd9f20425b8a509a81e" type="webcontent" adlcp:scormtype="sco" href="pesad_slots.html"> 
    <file href="pesad_slots.html"/> 
    <file href="exe_html5.js"/>
    <dependency identifierref="COMMON_FILES"/>
  </resource>
  <resource identifier="RES-eXeemaplaat5fd9f20425b8a509a820" type="webcontent" adlcp:scormtype="sco" href="muud_hendused_connectors.html"> 
    <file href="muud_hendused_connectors.html"/> 
    <file href="exe_html5.js"/>
    <dependency identifierref="COMMON_FILES"/>
  </resource>
  <resource identifier="RES-eXeemaplaat5fd9f20425b8a509a822" type="webcontent" adlcp:scormtype="sco" href="vliste_seadmete_hendused.html"> 
    <file href="vliste_seadmete_hendused.html"/> 
    <file href="exe_html5.js"/>
    <dependency identifierref="COMMON_FILES"/>
  </resource>
  <resource identifier="RES-eXeemaplaat5fd9f20425b8a509a824" type="webcontent" adlcp:scormtype="sco" href="harjutused.html"> 
    <file href="harjutused.html"/> 
    <file href="exe_html5.js"/>
    <dependency identifierref="COMMON_FILES"/>
  </resource>
  <resource identifier="RES-eXeemaplaat5fd9f20425b8a509a926" type="webcontent" adlcp:scormtype="sco" href="allikad_ja_lisalugemine.html"> 
    <file href="allikad_ja_lisalugemine.html"/> 
    <file href="exe_html5.js"/>
    <dependency identifierref="COMMON_FILES"/>
  </resource>
  <resource identifier="RES-eXeemaplaat5fd9f20425b8a509aa28" type="webcontent" adlcp:scormtype="sco" href="piobjekti_algfailid.html"> 
    <file href="piobjekti_algfailid.html"/> 
    <file href="exe_html5.js"/>
    <dependency identifierref="COMMON_FILES"/>
  </resource>
  <resource identifier="COMMON_FILES" type="webcontent" adlcp:scormtype="asset">
    <file href="config.xml"/>
    <file href="content.css"/>
    <file href="EncodeSans-Light_latin-ext.woff2"/>
    <file href="EncodeSans-Light_latin.woff2"/>
    <file href="EncodeSans-Light_vietnamese.woff2"/>
    <file href="icon_atom.png"/>
    <file href="icon_award.png"/>
    <file href="icon_beach.png"/>
    <file href="icon_bulb.png"/>
    <file href="icon_camera.png"/>
    <file href="icon_classroom.png"/>
    <file href="icon_compass.png"/>
    <file href="icon_edia.png"/>
    <file href="icon_etwinning.png"/>
    <file href="icon_exe.png"/>
    <file href="icon_footprints.png"/>
    <file href="icon_free_license.png"/>
    <file href="icon_gears.png"/>
    <file href="icon_knowledge.png"/>
    <file href="icon_list.png"/>
    <file href="icon_microphone.png"/>
    <file href="icon_network.png"/>
    <file href="icon_plus.png"/>
    <file href="icon_presentation.png"/>
    <file href="icon_puzzle.png"/>
    <file href="icon_share.png"/>
    <file href="icon_stars.png"/>
    <file href="icon_talk.png"/>
    <file href="icon_teacher_screen.png"/>
    <file href="icon_telescope.png"/>
    <file href="icon_think.png"/>
    <file href="icon_tree.png"/>
    <file href="icon_write.png"/>
    <file href="nav.css"/>
    <file href="_intef_bg.png"/>
    <file href="_intef_footer.png"/>
    <file href="_intef_header.png"/>
    <file href="_intef_icons.png"/>
    <file href="_intef_js.js"/>
    <file href="_intef_left_column.gif"/>
    <file href="_intef_licenses.gif"/>
    <file href="_intef_menu.gif"/>
    <file href="_intef_print.png"/>
    <file href="_intef_title_bg.png"/>
    <file href="base.css"/>
    <file href="popup_bg.gif"/>
    <file href="SCORM_API_wrapper.js"/>
    <file href="SCOFunctions.js"/>
    <file href="common.js"/>
    <file href="common_i18n.js"/>
    <file href="exe_jquery.js"/>
    <file href="content.xsd"/>
    <file href="content.data"/>
    <file href="contentv3.xml"/>
    <file href="imslrm.xml"/>
  </resource>
</resources>
</manifest>
